Date,Province,Confirmed,Deaths
Jan-22,Alberta,0,0
Jan-22,British Columbia,0,0
Jan-22,Manitoba,0,0
Jan-22,New Brunswick,0,0
Jan-22,Newfoundland and Labrador,0,0
Jan-22,Nova Scotia,0,0
Jan-22,Ontario,0,0
Jan-22,Prince Edward Island,0,0
Jan-22,Quebec,0,0
Jan-22,Saskatchewan,0,0
Jan-22,Repartriated Canadians,0,0
Jan-22,Canada,0,0
Jan-23,Alberta,0,0
Jan-24,Alberta,0,0
Jan-25,Alberta,0,0
Jan-26,Alberta,0,0
Jan-27,Alberta,0,0
Jan-28,Alberta,0,0
Jan-29,Alberta,0,0
Jan-30,Alberta,0,0
Jan-31,Alberta,0,0
Feb-01,Alberta,0,0
Feb-02,Alberta,0,0
Feb-03,Alberta,0,0
Feb-04,Alberta,0,0
Feb-05,Alberta,0,0
Feb-06,Alberta,0,0
Feb-07,Alberta,0,0
Feb-08,Alberta,0,0
Feb-09,Alberta,0,0
Feb-10,Alberta,0,0
Feb-11,Alberta,0,0
Feb-12,Alberta,0,0
Feb-13,Alberta,0,0
Feb-14,Alberta,0,0
Feb-15,Alberta,0,0
Feb-16,Alberta,0,0
Feb-17,Alberta,0,0
Feb-18,Alberta,0,0
Feb-19,Alberta,0,0
Feb-20,Alberta,0,0
Feb-21,Alberta,0,0
Feb-22,Alberta,0,0
Feb-23,Alberta,0,0
Feb-24,Alberta,0,0
Feb-25,Alberta,0,0
Feb-26,Alberta,0,0
Feb-27,Alberta,0,0
Feb-28,Alberta,0,0
Feb-29,Alberta,0,0
Mar-01,Alberta,0,0
Mar-02,Alberta,0,0
Mar-03,Alberta,0,0
Mar-04,Alberta,0,0
Mar-05,Alberta,0,0
Mar-06,Alberta,1,0
Mar-07,Alberta,1,0
Mar-08,Alberta,2,0
Mar-09,Alberta,3,0
Mar-10,Alberta,0,0
Mar-11,Alberta,12,0
Mar-12,Alberta,0,0
Mar-13,Alberta,10,0
Mar-14,Alberta,0,0
Mar-15,Alberta,10,0
Mar-16,Alberta,17,0
Mar-17,Alberta,18,0
Mar-18,Alberta,23,0
Mar-19,Alberta,22,0
Mar-20,Alberta,27,1
Mar-21,Alberta,49,0
Mar-22,Alberta,64,0
Mar-23,Alberta,42,0
Mar-24,Alberta,58,0
Mar-25,Alberta,0,1
Mar-26,Alberta,128,0
Mar-27,Alberta,56,0
Mar-28,Alberta,0,0
Mar-29,Alberta,79,0
Mar-30,Alberta,40,1
Mar-31,Alberta,29,5
Apr-01,Alberta,64,1
Apr-02,Alberta,215,4
Apr-03,Alberta,0,0
Apr-04,Alberta,106,5
Apr-05,Alberta,106,2
Apr-06,Alberta,69,3
Apr-07,Alberta,123,1
Apr-08,Alberta,0,2
Apr-09,Alberta,50,3
Apr-10,Alberta,28,3
Apr-11,Alberta,116,8
Apr-12,Alberta,0,0
Apr-13,Alberta,165,6
Apr-14,Alberta,138,2
Apr-15,Alberta,0,0
Apr-16,Alberta,126,0
Apr-17,Alberta,401,2
Apr-18,Alberta,165,1
Apr-19,Alberta,241,0
Apr-20,Alberta,105,8
Apr-21,Alberta,187,2
Apr-22,Alberta,306,5
Apr-23,Alberta,319,2
Apr-24,Alberta,297,4
Apr-25,Alberta,216,1
Apr-26,Alberta,247,0
Apr-27,Alberta,216,2
Apr-28,Alberta,154,5
Apr-29,Alberta,315,7
Apr-30,Alberta,190,3
May-01,Alberta,218,2
May-02,Alberta,97,2
May-03,Alberta,96,1
May-04,Alberta,70,9
May-05,Alberta,57,2
May-06,Alberta,70,6
May-07,Alberta,54,2
May-08,Alberta,81,1
May-09,Alberta,59,1
May-10,Alberta,96,1
May-11,Alberta,47,0
May-12,Alberta,45,1
May-13,Alberta,62,2
May-14,Alberta,50,1
May-15,Alberta,58,4
May-16,Alberta,72,1
May-17,Alberta,57,1
May-18,Alberta,39,1
May-19,Alberta,33,0
May-20,Alberta,19,0
May-21,Alberta,33,4
May-22,Alberta,32,2
May-23,Alberta,18,1
May-24,Alberta,42,0
May-25,Alberta,19,3
May-26,Alberta,22,1
May-27,Alberta,25,2
May-28,Alberta,29,2
May-29,Alberta,24,0
May-30,Alberta,13,0
May-31,Alberta,18,0
Jun-01,Alberta,34,0
Jun-02,Alberta,13,0
Jun-03,Alberta,19,2
Jun-04,Alberta,15,1
Jun-05,Alberta,7,0
Jun-06,Alberta,40,0
Jun-07,Alberta,0,0
Jun-08,Alberta,64,3
Jun-09,Alberta,27,2
Jun-10,Alberta,47,0
Jun-11,Alberta,40,0
Jun-12,Alberta,30,0
Jun-13,Alberta,37,1
Jun-14,Alberta,50,0
Jun-15,Alberta,20,1
Jun-16,Alberta,29,0
Jun-17,Alberta,48,0
Jun-18,Alberta,49,1
Jun-19,Alberta,46,0
Jun-20,Alberta,48,0
Jun-21,Alberta,31,0
Jun-22,Alberta,32,1
Jun-23,Alberta,45,0
Jun-24,Alberta,44,0
Jun-25,Alberta,26,1
Jun-26,Alberta,37,0
Jun-27,Alberta,69,0
Jun-28,Alberta,39,0
Jun-29,Alberta,71,0
Jun-30,Alberta,41,0
Jul-01,Alberta,0,0
Jul-02,Alberta,94,1
Jul-03,Alberta,57,0
Jul-04,Alberta,0,0
Jul-05,Alberta,0,0
Jul-06,Alberta,130,0
Jul-07,Alberta,47,2
Jul-08,Alberta,46,1
Jul-09,Alberta,37,3
Jul-10,Alberta,77,0
Jul-11,Alberta,0,0
Jul-12,Alberta,0,0
Jul-13,Alberta,230,1
Jul-14,Alberta,86,2
Jul-15,Alberta,82,0
Jul-16,Alberta,120,2
Jul-17,Alberta,105,2
Jul-18,Alberta,0,0
Jul-19,Alberta,0,0
Jul-20,Alberta,368,3
Jul-21,Alberta,141,2
Jul-22,Alberta,0,0
Jul-23,Alberta,247,4
Jul-24,Alberta,111,2
Jul-25,Alberta,0,0
Jul-26,Alberta,0,0
Jul-27,Alberta,304,8
Jul-28,Alberta,80,1
Jul-29,Alberta,133,3
Jul-30,Alberta,113,5
Jul-31,Alberta,127,1
Aug-01,Alberta,0,0
Aug-02,Alberta,0,0
Aug-03,Alberta,0,0
Aug-04,Alberta,303,5
Aug-05,Alberta,94,2
Aug-06,Alberta,56,2
Aug-07,Alberta,134,3
Aug-08,Alberta,0,0
Aug-09,Alberta,0,0
Aug-10,Alberta,257,5
Aug-11,Alberta,85,3
Aug-12,Alberta,121,1
Aug-13,Alberta,76,3
Aug-14,Alberta,84,1
Aug-15,Alberta,0,0
Aug-16,Alberta,0,0
Aug-17,Alberta,0,0
Aug-18,Alberta,366,4
Aug-19,Alberta,82,2
Aug-20,Alberta,0,0
Aug-21,Alberta,247,3
Aug-22,Alberta,0,0
Aug-23,Alberta,0,0
Aug-24,Alberta,258,4
Aug-25,Alberta,77,1
Aug-26,Alberta,127,0
Aug-27,Alberta,108,2
Aug-28,Alberta,158,0
Aug-29,Alberta,0,0
Aug-30,Alberta,0,0
Aug-31,Alberta,426,2
Sep-01,Alberta,164,2
Sep-02,Alberta,114,1
Sep-03,Alberta,130,0
Sep-04,Alberta,164,0
Sep-05,Alberta,0,0
Sep-06,Alberta,0,0
Sep-07,Alberta,0,0
Sep-08,Alberta,619,5
Sep-09,Alberta,0,0
Sep-10,Alberta,211,6
Sep-11,Alberta,111,0
Sep-12,Alberta,0,0
Sep-13,Alberta,0,0
Sep-14,Alberta,418,1
Sep-15,Alberta,124,0
Sep-16,Alberta,171,0
Sep-17,Alberta,146,0
Sep-18,Alberta,107,1
Sep-19,Alberta,0,0
Sep-20,Alberta,0,0
Sep-21,Alberta,358,1
Sep-22,Alberta,150,2
Sep-23,Alberta,143,2
Sep-24,Alberta,158,1
Sep-25,Alberta,153,0
Sep-26,Alberta,0,0
Sep-27,Alberta,0,0
Sep-28,Alberta,406,4
Sep-29,Alberta,160,1
Sep-30,Alberta,153,1
Oct-01,Alberta,173,2
Oct-02,Alberta,122,3
Oct-03,Alberta,0,0
Oct-04,Alberta,0,0
Oct-05,Alberta,578,8
Oct-06,Alberta,276,1
Oct-07,Alberta,143,0
Oct-08,Alberta,364,2
Oct-09,Alberta,277,0
Oct-10,Alberta,0,0
Oct-11,Alberta,0,0
Oct-12,Alberta,0,0
Oct-13,Alberta,961,3
Oct-14,Alberta,243,1
Oct-15,Alberta,244,1
Oct-16,Alberta,332,0
Oct-17,Alberta,0,0
Oct-18,Alberta,0,0
Oct-19,Alberta,898,4
Oct-20,Alberta,323,1
Oct-21,Alberta,406,3
Oct-22,Alberta,427,0
Oct-23,Alberta,432,4
Oct-24,Alberta,0,0
Oct-25,Alberta,0,0
Oct-26,Alberta,1472,7
Oct-27,Alberta,422,2
Oct-28,Alberta,410,4
Oct-29,Alberta,477,5
Oct-30,Alberta,622,5
Oct-31,Alberta,0,0
Nov-01,Alberta,0,0
Nov-02,Alberta,0,0
Nov-03,Alberta,2268,15
Jan-23,British Columbia,0,0
Jan-24,British Columbia,0,0
Jan-25,British Columbia,0,0
Jan-26,British Columbia,0,0
Jan-27,British Columbia,0,0
Jan-28,British Columbia,1,0
Jan-29,British Columbia,0,0
Jan-30,British Columbia,0,0
Jan-31,British Columbia,0,0
Feb-01,British Columbia,0,0
Feb-02,British Columbia,0,0
Feb-03,British Columbia,0,0
Feb-04,British Columbia,0,0
Feb-05,British Columbia,1,0
Feb-06,British Columbia,0,0
Feb-07,British Columbia,2,0
Feb-08,British Columbia,0,0
Feb-09,British Columbia,0,0
Feb-10,British Columbia,0,0
Feb-11,British Columbia,0,0
Feb-12,British Columbia,0,0
Feb-13,British Columbia,0,0
Feb-14,British Columbia,0,0
Feb-15,British Columbia,0,0
Feb-16,British Columbia,0,0
Feb-17,British Columbia,1,0
Feb-18,British Columbia,0,0
Feb-19,British Columbia,0,0
Feb-20,British Columbia,0,0
Feb-21,British Columbia,1,0
Feb-22,British Columbia,0,0
Feb-23,British Columbia,0,0
Feb-24,British Columbia,0,0
Feb-25,British Columbia,1,0
Feb-26,British Columbia,0,0
Feb-27,British Columbia,0,0
Feb-28,British Columbia,0,0
Feb-29,British Columbia,1,0
Mar-01,British Columbia,0,0
Mar-02,British Columbia,0,0
Mar-03,British Columbia,1,0
Mar-04,British Columbia,3,0
Mar-05,British Columbia,1,0
Mar-06,British Columbia,8,0
Mar-07,British Columbia,0,0
Mar-08,British Columbia,6,0
Mar-09,British Columbia,5,1
Mar-10,British Columbia,0,0
Mar-11,British Columbia,7,0
Mar-12,British Columbia,7,0
Mar-13,British Columbia,18,0
Mar-14,British Columbia,0,0
Mar-15,British Columbia,9,0
Mar-16,British Columbia,30,3
Mar-17,British Columbia,0,0
Mar-18,British Columbia,83,3
Mar-19,British Columbia,45,0
Mar-20,British Columbia,40,1
Mar-21,British Columbia,153,2
Mar-22,British Columbia,0,0
Mar-23,British Columbia,48,3
Mar-24,British Columbia,145,0
Mar-25,British Columbia,0,0
Mar-26,British Columbia,108,1
Mar-27,British Columbia,0,0
Mar-28,British Columbia,159,3
Mar-29,British Columbia,0,0
Mar-30,British Columbia,86,2
Mar-31,British Columbia,43,5
Apr-01,British Columbia,0,0
Apr-02,British Columbia,108,7
Apr-03,British Columbia,53,0
Apr-04,British Columbia,29,7
Apr-05,British Columbia,0,0
Apr-06,British Columbia,63,0
Apr-07,British Columbia,0,1
Apr-08,British Columbia,25,4
Apr-09,British Columbia,45,5
Apr-10,British Columbia,34,2
Apr-11,British Columbia,75,8
Apr-12,British Columbia,0,0
Apr-13,British Columbia,45,11
Apr-14,British Columbia,0,0
Apr-15,British Columbia,27,3
Apr-16,British Columbia,44,3
Apr-17,British Columbia,14,2
Apr-18,British Columbia,43,1
Apr-19,British Columbia,29,3
Apr-20,British Columbia,0,1
Apr-21,British Columbia,77,5
Apr-22,British Columbia,71,3
Apr-23,British Columbia,29,4
Apr-24,British Columbia,29,4
Apr-25,British Columbia,95,2
Apr-26,British Columbia,0,0
Apr-27,British Columbia,50,4
Apr-28,British Columbia,55,2
Apr-29,British Columbia,34,3
Apr-30,British Columbia,25,2
May-01,British Columbia,33,1
May-02,British Columbia,26,2
May-03,British Columbia,0,0
May-04,British Columbia,53,3
May-05,British Columbia,8,4
May-06,British Columbia,23,3
May-07,British Columbia,33,2
May-08,British Columbia,27,1
May-09,British Columbia,15,2
May-10,British Columbia,0,0
May-11,British Columbia,23,1
May-12,British Columbia,7,2
May-13,British Columbia,16,0
May-14,British Columbia,16,3
May-15,British Columbia,15,5
May-16,British Columbia,21,1
May-17,British Columbia,0,0
May-18,British Columbia,16,2
May-19,British Columbia,2,3
May-20,British Columbia,21,3
May-21,British Columbia,12,3
May-22,British Columbia,28,3
May-23,British Columbia,10,2
May-24,British Columbia,0,0
May-25,British Columbia,13,4
May-26,British Columbia,11,0
May-27,British Columbia,9,1
May-28,British Columbia,8,2
May-29,British Columbia,4,0
May-30,British Columbia,11,0
May-31,British Columbia,0,0
Jun-01,British Columbia,24,1
Jun-02,British Columbia,4,0
Jun-03,British Columbia,22,1
Jun-04,British Columbia,9,0
Jun-05,British Columbia,0,1
Jun-06,British Columbia,0,0
Jun-07,British Columbia,0,0
Jun-08,British Columbia,27,0
Jun-09,British Columbia,10,0
Jun-10,British Columbia,11,0
Jun-11,British Columbia,14,0
Jun-12,British Columbia,15,1
Jun-13,British Columbia,0,0
Jun-14,British Columbia,0,0
Jun-15,British Columbia,36,0
Jun-16,British Columbia,11,0
Jun-17,British Columbia,19,0
Jun-18,British Columbia,8,0
Jun-19,British Columbia,7,0
Jun-20,British Columbia,0,0
Jun-21,British Columbia,0,0
Jun-22,British Columbia,32,1
Jun-23,British Columbia,13,1
Jun-24,British Columbia,14,1
Jun-25,British Columbia,20,2
Jun-26,British Columbia,9,1
Jun-27,British Columbia,0,0
Jun-28,British Columbia,0,0
Jun-29,British Columbia,26,0
Jun-30,British Columbia,12,0
Jul-01,British Columbia,0,0
Jul-02,British Columbia,24,3
Jul-03,British Columbia,7,0
Jul-04,British Columbia,0,0
Jul-05,British Columbia,0,0
Jul-06,British Columbia,31,6
Jul-07,British Columbia,12,0
Jul-08,British Columbia,18,3
Jul-09,British Columbia,20,0
Jul-10,British Columbia,25,1
Jul-11,British Columbia,0,0
Jul-12,British Columbia,0,0
Jul-13,British Columbia,0,2
Jul-14,British Columbia,75,0
Jul-15,British Columbia,21,0
Jul-16,British Columbia,21,0
Jul-17,British Columbia,28,0
Jul-18,British Columbia,0,0
Jul-19,British Columbia,0,0
Jul-20,British Columbia,102,0
Jul-21,British Columbia,28,0
Jul-22,British Columbia,0,0
Jul-23,British Columbia,64,1
Jul-24,British Columbia,0,0
Jul-25,British Columbia,27,1
Jul-26,British Columbia,0,0
Jul-27,British Columbia,81,2
Jul-28,British Columbia,23,1
Jul-29,British Columbia,39,0
Jul-30,British Columbia,29,0
Jul-31,British Columbia,50,1
Aug-01,British Columbia,0,0
Aug-02,British Columbia,0,0
Aug-03,British Columbia,0,0
Aug-04,British Columbia,146,0
Aug-05,British Columbia,47,0
Aug-06,British Columbia,47,0
Aug-07,British Columbia,53,0
Aug-08,British Columbia,0,0
Aug-09,British Columbia,0,0
Aug-10,British Columbia,131,0
Aug-11,British Columbia,46,0
Aug-12,British Columbia,0,0
Aug-13,British Columbia,163,1
Aug-14,British Columbia,84,0
Aug-15,British Columbia,0,0
Aug-16,British Columbia,0,0
Aug-17,British Columbia,0,0
Aug-18,British Columbia,319,2
Aug-19,British Columbia,68,0
Aug-20,British Columbia,0,0
Aug-21,British Columbia,170,4
Aug-22,British Columbia,0,0
Aug-23,British Columbia,0,0
Aug-24,British Columbia,269,1
Aug-25,British Columbia,58,0
Aug-26,British Columbia,62,0
Aug-27,British Columbia,68,1
Aug-28,British Columbia,124,0
Aug-29,British Columbia,0,0
Aug-30,British Columbia,0,0
Aug-31,British Columbia,294,4
Sep-01,British Columbia,58,1
Sep-02,British Columbia,104,0
Sep-03,British Columbia,89,1
Sep-04,British Columbia,121,1
Sep-05,British Columbia,0,0
Sep-06,British Columbia,0,0
Sep-07,British Columbia,0,0
Sep-08,British Columbia,429,2
Sep-09,British Columbia,0,0
Sep-10,British Columbia,239,0
Sep-11,British Columbia,132,0
Sep-12,British Columbia,0,0
Sep-13,British Columbia,0,0
Sep-14,British Columbia,317,6
Sep-15,British Columbia,97,0
Sep-16,British Columbia,122,0
Sep-17,British Columbia,165,1
Sep-18,British Columbia,179,3
Sep-19,British Columbia,0,0
Sep-20,British Columbia,0,0
Sep-21,British Columbia,366,4
Sep-22,British Columbia,96,0
Sep-23,British Columbia,91,0
Sep-24,British Columbia,0,0
Sep-25,British Columbia,246,3
Sep-26,British Columbia,0,0
Sep-27,British Columbia,0,0
Sep-28,British Columbia,267,3
Sep-29,British Columbia,105,1
Sep-30,British Columbia,125,0
Oct-01,British Columbia,82,1
Oct-02,British Columbia,161,3
Oct-03,British Columbia,0,0
Oct-04,British Columbia,0,0
Oct-05,British Columbia,358,4
Oct-06,British Columbia,102,2
Oct-07,British Columbia,115,0
Oct-08,British Columbia,110,1
Oct-09,British Columbia,119,0
Oct-10,British Columbia,0,0
Oct-11,British Columbia,0,0
Oct-12,British Columbia,0,0
Oct-13,British Columbia,549,5
Oct-14,British Columbia,158,0
Oct-15,British Columbia,142,0
Oct-16,British Columbia,155,1
Oct-17,British Columbia,0,0
Oct-18,British Columbia,0,0
Oct-19,British Columbia,498,2
Oct-20,British Columbia,167,1
Oct-21,British Columbia,203,2
Oct-22,British Columbia,0,0
Oct-23,British Columbia,497,0
Oct-24,British Columbia,0,0
Oct-25,British Columbia,0,0
Oct-26,British Columbia,817,3
Oct-27,British Columbia,217,0
Oct-28,British Columbia,287,2
Oct-29,British Columbia,234,1
Oct-30,British Columbia,272,1
Oct-31,British Columbia,0,0
Nov-01,British Columbia,0,0
Nov-02,British Columbia,1120,6
Nov-03,British Columbia,299,3
Jan-23,Manitoba,0,0
Jan-24,Manitoba,0,0
Jan-25,Manitoba,0,0
Jan-26,Manitoba,0,0
Jan-27,Manitoba,0,0
Jan-28,Manitoba,0,0
Jan-29,Manitoba,0,0
Jan-30,Manitoba,0,0
Jan-31,Manitoba,0,0
Feb-01,Manitoba,0,0
Feb-02,Manitoba,0,0
Feb-03,Manitoba,0,0
Feb-04,Manitoba,0,0
Feb-05,Manitoba,0,0
Feb-06,Manitoba,0,0
Feb-07,Manitoba,0,0
Feb-08,Manitoba,0,0
Feb-09,Manitoba,0,0
Feb-10,Manitoba,0,0
Feb-11,Manitoba,0,0
Feb-12,Manitoba,0,0
Feb-13,Manitoba,0,0
Feb-14,Manitoba,0,0
Feb-15,Manitoba,0,0
Feb-16,Manitoba,0,0
Feb-17,Manitoba,0,0
Feb-18,Manitoba,0,0
Feb-19,Manitoba,0,0
Feb-20,Manitoba,0,0
Feb-21,Manitoba,0,0
Feb-22,Manitoba,0,0
Feb-23,Manitoba,0,0
Feb-24,Manitoba,0,0
Feb-25,Manitoba,0,0
Feb-26,Manitoba,0,0
Feb-27,Manitoba,0,0
Feb-28,Manitoba,0,0
Feb-29,Manitoba,0,0
Mar-01,Manitoba,0,0
Mar-02,Manitoba,0,0
Mar-03,Manitoba,0,0
Mar-04,Manitoba,0,0
Mar-05,Manitoba,0,0
Mar-06,Manitoba,0,0
Mar-07,Manitoba,0,0
Mar-08,Manitoba,0,0
Mar-09,Manitoba,0,0
Mar-10,Manitoba,0,0
Mar-11,Manitoba,0,0
Mar-12,Manitoba,0,0
Mar-13,Manitoba,4,0
Mar-14,Manitoba,0,0
Mar-15,Manitoba,0,0
Mar-16,Manitoba,3,0
Mar-17,Manitoba,1,0
Mar-18,Manitoba,7,0
Mar-19,Manitoba,2,0
Mar-20,Manitoba,0,0
Mar-21,Manitoba,1,0
Mar-22,Manitoba,2,0
Mar-23,Manitoba,0,0
Mar-24,Manitoba,1,0
Mar-25,Manitoba,14,0
Mar-26,Manitoba,1,0
Mar-27,Manitoba,3,1
Mar-28,Manitoba,25,0
Mar-29,Manitoba,8,0
Mar-30,Manitoba,24,0
Mar-31,Manitoba,7,0
Apr-01,Manitoba,24,0
Apr-02,Manitoba,40,0
Apr-03,Manitoba,15,1
Apr-04,Manitoba,0,0
Apr-05,Manitoba,21,0
Apr-06,Manitoba,0,0
Apr-07,Manitoba,14,1
Apr-08,Manitoba,0,0
Apr-09,Manitoba,4,0
Apr-10,Manitoba,9,0
Apr-11,Manitoba,13,1
Apr-12,Manitoba,0,0
Apr-13,Manitoba,4,0
Apr-14,Manitoba,0,0
Apr-15,Manitoba,0,1
Apr-16,Manitoba,4,0
Apr-17,Manitoba,0,0
Apr-18,Manitoba,3,0
Apr-19,Manitoba,1,0
Apr-20,Manitoba,0,1
Apr-21,Manitoba,1,0
Apr-22,Manitoba,2,0
Apr-23,Manitoba,5,0
Apr-24,Manitoba,1,0
Apr-25,Manitoba,4,0
Apr-26,Manitoba,4,0
Apr-27,Manitoba,2,0
Apr-28,Manitoba,0,0
Apr-29,Manitoba,2,0
Apr-30,Manitoba,2,0
May-01,Manitoba,4,0
May-02,Manitoba,1,0
May-03,Manitoba,0,0
May-04,Manitoba,1,0
May-05,Manitoba,1,1
May-06,Manitoba,2,0
May-07,Manitoba,0,0
May-08,Manitoba,1,0
May-09,Manitoba,0,0
May-10,Manitoba,3,0
May-11,Manitoba,2,0
May-12,Manitoba,1,0
May-13,Manitoba,0,0
May-14,Manitoba,0,0
May-15,Manitoba,0,0
May-16,Manitoba,0,0
May-17,Manitoba,0,0
May-18,Manitoba,1,0
May-19,Manitoba,0,0
May-20,Manitoba,0,0
May-21,Manitoba,0,0
May-22,Manitoba,2,0
May-23,Manitoba,0,0
May-24,Manitoba,0,0
May-25,Manitoba,0,0
May-26,Manitoba,0,0
May-27,Manitoba,0,0
May-28,Manitoba,2,0
May-29,Manitoba,0,0
May-30,Manitoba,0,0
May-31,Manitoba,1,0
Jun-01,Manitoba,0,0
Jun-02,Manitoba,2,0
Jun-03,Manitoba,1,0
Jun-04,Manitoba,0,0
Jun-05,Manitoba,2,0
Jun-06,Manitoba,0,0
Jun-07,Manitoba,0,0
Jun-08,Manitoba,0,0
Jun-09,Manitoba,0,0
Jun-10,Manitoba,0,0
Jun-11,Manitoba,0,0
Jun-12,Manitoba,1,0
Jun-13,Manitoba,2,0
Jun-14,Manitoba,1,0
Jun-15,Manitoba,0,0
Jun-16,Manitoba,0,0
Jun-17,Manitoba,2,0
Jun-18,Manitoba,2,0
Jun-19,Manitoba,3,0
Jun-20,Manitoba,2,0
Jun-21,Manitoba,0,0
Jun-22,Manitoba,1,0
Jun-23,Manitoba,0,0
Jun-24,Manitoba,1,0
Jun-25,Manitoba,1,0
Jun-26,Manitoba,2,0
Jun-27,Manitoba,4,0
Jun-28,Manitoba,0,0
Jun-29,Manitoba,2,0
Jun-30,Manitoba,1,0
Jul-01,Manitoba,0,0
Jul-02,Manitoba,0,0
Jul-03,Manitoba,0,0
Jul-04,Manitoba,0,0
Jul-05,Manitoba,0,0
Jul-06,Manitoba,0,0
Jul-07,Manitoba,0,0
Jul-08,Manitoba,0,0
Jul-09,Manitoba,0,0
Jul-10,Manitoba,0,0
Jul-11,Manitoba,0,0
Jul-12,Manitoba,0,0
Jul-13,Manitoba,0,0
Jul-14,Manitoba,5,0
Jul-15,Manitoba,0,0
Jul-16,Manitoba,1,0
Jul-17,Manitoba,5,0
Jul-18,Manitoba,1,0
Jul-19,Manitoba,6,0
Jul-20,Manitoba,11,0
Jul-21,Manitoba,12,0
Jul-22,Manitoba,8,0
Jul-23,Manitoba,1,0
Jul-24,Manitoba,9,0
Jul-25,Manitoba,4,0
Jul-26,Manitoba,6,0
Jul-27,Manitoba,6,0
Jul-28,Manitoba,5,1
Jul-29,Manitoba,2,0
Jul-30,Manitoba,2,0
Jul-31,Manitoba,6,0
Aug-01,Manitoba,2,0
Aug-02,Manitoba,18,0
Aug-03,Manitoba,7,0
Aug-04,Manitoba,1,0
Aug-05,Manitoba,1,0
Aug-06,Manitoba,30,0
Aug-07,Manitoba,17,0
Aug-08,Manitoba,16,0
Aug-09,Manitoba,35,0
Aug-10,Manitoba,16,0
Aug-11,Manitoba,4,0
Aug-12,Manitoba,16,0
Aug-13,Manitoba,25,0
Aug-14,Manitoba,40,0
Aug-15,Manitoba,20,1
Aug-16,Manitoba,34,0
Aug-17,Manitoba,34,0
Aug-18,Manitoba,17,2
Aug-19,Manitoba,15,1
Aug-20,Manitoba,33,0
Aug-21,Manitoba,34,0
Aug-22,Manitoba,42,0
Aug-23,Manitoba,72,0
Aug-24,Manitoba,49,0
Aug-25,Manitoba,25,1
Aug-26,Manitoba,25,0
Aug-27,Manitoba,21,1
Aug-28,Manitoba,32,0
Aug-29,Manitoba,59,0
Aug-30,Manitoba,31,0
Aug-31,Manitoba,28,0
Sep-01,Manitoba,18,0
Sep-02,Manitoba,12,0
Sep-03,Manitoba,20,2
Sep-04,Manitoba,9,0
Sep-05,Manitoba,21,0
Sep-06,Manitoba,29,0
Sep-07,Manitoba,15,0
Sep-08,Manitoba,11,0
Sep-09,Manitoba,16,0
Sep-10,Manitoba,13,0
Sep-11,Manitoba,15,0
Sep-12,Manitoba,17,0
Sep-13,Manitoba,18,0
Sep-14,Manitoba,21,0
Sep-15,Manitoba,17,0
Sep-16,Manitoba,23,0
Sep-17,Manitoba,11,0
Sep-18,Manitoba,40,0
Sep-19,Manitoba,18,0
Sep-20,Manitoba,28,0
Sep-21,Manitoba,22,2
Sep-22,Manitoba,24,0
Sep-23,Manitoba,42,0
Sep-24,Manitoba,37,1
Sep-25,Manitoba,53,1
Sep-26,Manitoba,65,0
Sep-27,Manitoba,51,0
Sep-28,Manitoba,39,1
Sep-29,Manitoba,34,0
Sep-30,Manitoba,40,0
Oct-01,Manitoba,36,0
Oct-02,Manitoba,43,1
Oct-03,Manitoba,36,1
Oct-04,Manitoba,32,1
Oct-05,Manitoba,51,0
Oct-06,Manitoba,55,1
Oct-07,Manitoba,32,3
Oct-08,Manitoba,66,0
Oct-09,Manitoba,84,3
Oct-10,Manitoba,96,2
Oct-11,Manitoba,54,0
Oct-12,Manitoba,77,2
Oct-13,Manitoba,124,1
Oct-14,Manitoba,146,2
Oct-15,Manitoba,173,1
Oct-16,Manitoba,75,0
Oct-17,Manitoba,0,0
Oct-18,Manitoba,129,2
Oct-19,Manitoba,80,2
Oct-20,Manitoba,109,0
Oct-21,Manitoba,135,1
Oct-22,Manitoba,147,4
Oct-23,Manitoba,162,1
Oct-24,Manitoba,153,2
Oct-25,Manitoba,161,4
Oct-26,Manitoba,100,1
Oct-27,Manitoba,183,3
Oct-28,Manitoba,169,3
Oct-29,Manitoba,193,1
Oct-30,Manitoba,480,3
Oct-31,Manitoba,349,2
Nov-01,Manitoba,311,8
Nov-02,Manitoba,241,5
Nov-03,Manitoba,102,5
Jan-23,New Brunswick,0,0
Jan-24,New Brunswick,0,0
Jan-25,New Brunswick,0,0
Jan-26,New Brunswick,0,0
Jan-27,New Brunswick,0,0
Jan-28,New Brunswick,0,0
Jan-29,New Brunswick,0,0
Jan-30,New Brunswick,0,0
Jan-31,New Brunswick,0,0
Feb-01,New Brunswick,0,0
Feb-02,New Brunswick,0,0
Feb-03,New Brunswick,0,0
Feb-04,New Brunswick,0,0
Feb-05,New Brunswick,0,0
Feb-06,New Brunswick,0,0
Feb-07,New Brunswick,0,0
Feb-08,New Brunswick,0,0
Feb-09,New Brunswick,0,0
Feb-10,New Brunswick,0,0
Feb-11,New Brunswick,0,0
Feb-12,New Brunswick,0,0
Feb-13,New Brunswick,0,0
Feb-14,New Brunswick,0,0
Feb-15,New Brunswick,0,0
Feb-16,New Brunswick,0,0
Feb-17,New Brunswick,0,0
Feb-18,New Brunswick,0,0
Feb-19,New Brunswick,0,0
Feb-20,New Brunswick,0,0
Feb-21,New Brunswick,0,0
Feb-22,New Brunswick,0,0
Feb-23,New Brunswick,0,0
Feb-24,New Brunswick,0,0
Feb-25,New Brunswick,0,0
Feb-26,New Brunswick,0,0
Feb-27,New Brunswick,0,0
Feb-28,New Brunswick,0,0
Feb-29,New Brunswick,0,0
Mar-01,New Brunswick,0,0
Mar-02,New Brunswick,0,0
Mar-03,New Brunswick,0,0
Mar-04,New Brunswick,0,0
Mar-05,New Brunswick,0,0
Mar-06,New Brunswick,0,0
Mar-07,New Brunswick,0,0
Mar-08,New Brunswick,0,0
Mar-09,New Brunswick,0,0
Mar-10,New Brunswick,0,0
Mar-11,New Brunswick,1,0
Mar-12,New Brunswick,0,0
Mar-13,New Brunswick,0,0
Mar-14,New Brunswick,0,0
Mar-15,New Brunswick,1,0
Mar-16,New Brunswick,4,0
Mar-17,New Brunswick,2,0
Mar-18,New Brunswick,3,0
Mar-19,New Brunswick,0,0
Mar-20,New Brunswick,0,0
Mar-21,New Brunswick,6,0
Mar-22,New Brunswick,0,0
Mar-23,New Brunswick,0,0
Mar-24,New Brunswick,1,0
Mar-25,New Brunswick,0,0
Mar-26,New Brunswick,15,0
Mar-27,New Brunswick,12,0
Mar-28,New Brunswick,6,0
Mar-29,New Brunswick,15,0
Mar-30,New Brunswick,2,0
Mar-31,New Brunswick,2,0
Apr-01,New Brunswick,11,0
Apr-02,New Brunswick,10,0
Apr-03,New Brunswick,0,0
Apr-04,New Brunswick,0,0
Apr-05,New Brunswick,7,0
Apr-06,New Brunswick,5,0
Apr-07,New Brunswick,2,0
Apr-08,New Brunswick,0,0
Apr-09,New Brunswick,3,0
Apr-10,New Brunswick,4,0
Apr-11,New Brunswick,0,0
Apr-12,New Brunswick,2,0
Apr-13,New Brunswick,2,0
Apr-14,New Brunswick,0,0
Apr-15,New Brunswick,1,0
Apr-16,New Brunswick,0,0
Apr-17,New Brunswick,0,0
Apr-18,New Brunswick,0,0
Apr-19,New Brunswick,1,0
Apr-20,New Brunswick,0,0
Apr-21,New Brunswick,0,0
Apr-22,New Brunswick,0,0
Apr-23,New Brunswick,0,0
Apr-24,New Brunswick,0,0
Apr-25,New Brunswick,0,0
Apr-26,New Brunswick,0,0
Apr-27,New Brunswick,0,0
Apr-28,New Brunswick,0,0
Apr-29,New Brunswick,0,0
Apr-30,New Brunswick,0,0
May-01,New Brunswick,0,0
May-02,New Brunswick,0,0
May-03,New Brunswick,0,0
May-04,New Brunswick,0,0
May-05,New Brunswick,1,0
May-06,New Brunswick,1,0
May-07,New Brunswick,0,0
May-08,New Brunswick,0,0
May-09,New Brunswick,0,0
May-10,New Brunswick,0,0
May-11,New Brunswick,0,0
May-12,New Brunswick,0,0
May-13,New Brunswick,0,0
May-14,New Brunswick,0,0
May-15,New Brunswick,0,0
May-16,New Brunswick,0,0
May-17,New Brunswick,0,0
May-18,New Brunswick,0,0
May-19,New Brunswick,0,0
May-20,New Brunswick,0,0
May-21,New Brunswick,1,0
May-22,New Brunswick,0,0
May-23,New Brunswick,0,0
May-24,New Brunswick,0,0
May-25,New Brunswick,0,0
May-26,New Brunswick,1,0
May-27,New Brunswick,1,0
May-28,New Brunswick,3,0
May-29,New Brunswick,2,0
May-30,New Brunswick,1,0
May-31,New Brunswick,3,0
Jun-01,New Brunswick,0,0
Jun-02,New Brunswick,1,0
Jun-03,New Brunswick,2,0
Jun-04,New Brunswick,1,1
Jun-05,New Brunswick,0,0
Jun-06,New Brunswick,0,0
Jun-07,New Brunswick,1,0
Jun-08,New Brunswick,9,0
Jun-09,New Brunswick,1,0
Jun-10,New Brunswick,4,0
Jun-11,New Brunswick,2,0
Jun-12,New Brunswick,1,0
Jun-13,New Brunswick,3,1
Jun-14,New Brunswick,0,0
Jun-15,New Brunswick,3,0
Jun-16,New Brunswick,3,0
Jun-17,New Brunswick,1,0
Jun-18,New Brunswick,0,0
Jun-19,New Brunswick,0,0
Jun-20,New Brunswick,0,0
Jun-21,New Brunswick,0,0
Jun-22,New Brunswick,0,0
Jun-23,New Brunswick,1,0
Jun-24,New Brunswick,0,0
Jun-25,New Brunswick,0,0
Jun-26,New Brunswick,0,0
Jun-27,New Brunswick,0,0
Jun-28,New Brunswick,0,0
Jun-29,New Brunswick,0,0
Jun-30,New Brunswick,0,0
Jul-01,New Brunswick,0,0
Jul-02,New Brunswick,0,0
Jul-03,New Brunswick,0,0
Jul-04,New Brunswick,0,0
Jul-05,New Brunswick,0,0
Jul-06,New Brunswick,0,0
Jul-07,New Brunswick,0,0
Jul-08,New Brunswick,0,0
Jul-09,New Brunswick,1,0
Jul-10,New Brunswick,0,0
Jul-11,New Brunswick,0,0
Jul-12,New Brunswick,0,0
Jul-13,New Brunswick,0,0
Jul-14,New Brunswick,1,0
Jul-15,New Brunswick,1,0
Jul-16,New Brunswick,0,0
Jul-17,New Brunswick,0,0
Jul-18,New Brunswick,0,0
Jul-19,New Brunswick,1,0
Jul-20,New Brunswick,1,0
Jul-21,New Brunswick,0,0
Jul-22,New Brunswick,0,0
Jul-23,New Brunswick,0,0
Jul-24,New Brunswick,0,0
Jul-25,New Brunswick,0,0
Jul-26,New Brunswick,0,0
Jul-27,New Brunswick,0,0
Jul-28,New Brunswick,0,0
Jul-29,New Brunswick,0,0
Jul-30,New Brunswick,0,0
Jul-31,New Brunswick,0,0
Aug-01,New Brunswick,0,0
Aug-02,New Brunswick,0,0
Aug-03,New Brunswick,0,0
Aug-04,New Brunswick,0,0
Aug-05,New Brunswick,4,0
Aug-06,New Brunswick,2,0
Aug-07,New Brunswick,0,0
Aug-08,New Brunswick,0,0
Aug-09,New Brunswick,0,0
Aug-10,New Brunswick,0,0
Aug-11,New Brunswick,1,0
Aug-12,New Brunswick,1,0
Aug-13,New Brunswick,2,0
Aug-14,New Brunswick,0,0
Aug-15,New Brunswick,4,0
Aug-16,New Brunswick,2,0
Aug-17,New Brunswick,0,0
Aug-18,New Brunswick,0,0
Aug-19,New Brunswick,0,0
Aug-20,New Brunswick,0,0
Aug-21,New Brunswick,2,0
Aug-22,New Brunswick,0,0
Aug-23,New Brunswick,1,0
Aug-24,New Brunswick,0,0
Aug-25,New Brunswick,1,0
Aug-26,New Brunswick,0,0
Aug-27,New Brunswick,0,0
Aug-28,New Brunswick,1,0
Aug-29,New Brunswick,0,0
Aug-30,New Brunswick,0,0
Aug-31,New Brunswick,0,0
Sep-01,New Brunswick,0,0
Sep-02,New Brunswick,1,0
Sep-03,New Brunswick,0,0
Sep-04,New Brunswick,0,0
Sep-05,New Brunswick,0,0
Sep-06,New Brunswick,0,0
Sep-07,New Brunswick,0,0
Sep-08,New Brunswick,0,0
Sep-09,New Brunswick,0,0
Sep-10,New Brunswick,1,0
Sep-11,New Brunswick,0,0
Sep-12,New Brunswick,0,0
Sep-13,New Brunswick,0,0
Sep-14,New Brunswick,1,0
Sep-15,New Brunswick,0,0
Sep-16,New Brunswick,0,0
Sep-17,New Brunswick,0,0
Sep-18,New Brunswick,0,0
Sep-19,New Brunswick,0,0
Sep-20,New Brunswick,0,0
Sep-21,New Brunswick,2,0
Sep-22,New Brunswick,0,0
Sep-23,New Brunswick,1,0
Sep-24,New Brunswick,2,0
Sep-25,New Brunswick,1,0
Sep-26,New Brunswick,0,0
Sep-27,New Brunswick,0,0
Sep-28,New Brunswick,0,0
Sep-29,New Brunswick,0,0
Sep-30,New Brunswick,0,0
Oct-01,New Brunswick,0,0
Oct-02,New Brunswick,0,0
Oct-03,New Brunswick,1,0
Oct-04,New Brunswick,0,0
Oct-05,New Brunswick,2,0
Oct-06,New Brunswick,2,0
Oct-07,New Brunswick,17,0
Oct-08,New Brunswick,3,0
Oct-09,New Brunswick,13,0
Oct-10,New Brunswick,20,0
Oct-11,New Brunswick,14,0
Oct-12,New Brunswick,6,0
Oct-13,New Brunswick,6,0
Oct-14,New Brunswick,8,0
Oct-15,New Brunswick,0,0
Oct-16,New Brunswick,5,0
Oct-17,New Brunswick,0,0
Oct-18,New Brunswick,13,1
Oct-19,New Brunswick,3,0
Oct-20,New Brunswick,0,0
Oct-21,New Brunswick,6,1
Oct-22,New Brunswick,3,0
Oct-23,New Brunswick,2,0
Oct-24,New Brunswick,2,0
Oct-25,New Brunswick,2,2
Oct-26,New Brunswick,3,0
Oct-27,New Brunswick,3,0
Oct-28,New Brunswick,3,0
Oct-29,New Brunswick,4,0
Oct-30,New Brunswick,1,0
Oct-31,New Brunswick,1,0
Nov-01,New Brunswick,1,0
Nov-02,New Brunswick,0,0
Nov-03,New Brunswick,0,0
Jan-23,Newfoundland and Labrador,0,0
Jan-24,Newfoundland and Labrador,0,0
Jan-25,Newfoundland and Labrador,0,0
Jan-26,Newfoundland and Labrador,0,0
Jan-27,Newfoundland and Labrador,0,0
Jan-28,Newfoundland and Labrador,0,0
Jan-29,Newfoundland and Labrador,0,0
Jan-30,Newfoundland and Labrador,0,0
Jan-31,Newfoundland and Labrador,0,0
Feb-01,Newfoundland and Labrador,0,0
Feb-02,Newfoundland and Labrador,0,0
Feb-03,Newfoundland and Labrador,0,0
Feb-04,Newfoundland and Labrador,0,0
Feb-05,Newfoundland and Labrador,0,0
Feb-06,Newfoundland and Labrador,0,0
Feb-07,Newfoundland and Labrador,0,0
Feb-08,Newfoundland and Labrador,0,0
Feb-09,Newfoundland and Labrador,0,0
Feb-10,Newfoundland and Labrador,0,0
Feb-11,Newfoundland and Labrador,0,0
Feb-12,Newfoundland and Labrador,0,0
Feb-13,Newfoundland and Labrador,0,0
Feb-14,Newfoundland and Labrador,0,0
Feb-15,Newfoundland and Labrador,0,0
Feb-16,Newfoundland and Labrador,0,0
Feb-17,Newfoundland and Labrador,0,0
Feb-18,Newfoundland and Labrador,0,0
Feb-19,Newfoundland and Labrador,0,0
Feb-20,Newfoundland and Labrador,0,0
Feb-21,Newfoundland and Labrador,0,0
Feb-22,Newfoundland and Labrador,0,0
Feb-23,Newfoundland and Labrador,0,0
Feb-24,Newfoundland and Labrador,0,0
Feb-25,Newfoundland and Labrador,0,0
Feb-26,Newfoundland and Labrador,0,0
Feb-27,Newfoundland and Labrador,0,0
Feb-28,Newfoundland and Labrador,0,0
Feb-29,Newfoundland and Labrador,0,0
Mar-01,Newfoundland and Labrador,0,0
Mar-02,Newfoundland and Labrador,0,0
Mar-03,Newfoundland and Labrador,0,0
Mar-04,Newfoundland and Labrador,0,0
Mar-05,Newfoundland and Labrador,0,0
Mar-06,Newfoundland and Labrador,0,0
Mar-07,Newfoundland and Labrador,0,0
Mar-08,Newfoundland and Labrador,0,0
Mar-09,Newfoundland and Labrador,0,0
Mar-10,Newfoundland and Labrador,0,0
Mar-11,Newfoundland and Labrador,0,0
Mar-12,Newfoundland and Labrador,0,0
Mar-13,Newfoundland and Labrador,0,0
Mar-14,Newfoundland and Labrador,0,0
Mar-15,Newfoundland and Labrador,1,0
Mar-16,Newfoundland and Labrador,0,0
Mar-17,Newfoundland and Labrador,2,0
Mar-18,Newfoundland and Labrador,0,0
Mar-19,Newfoundland and Labrador,0,0
Mar-20,Newfoundland and Labrador,1,0
Mar-21,Newfoundland and Labrador,2,0
Mar-22,Newfoundland and Labrador,3,0
Mar-23,Newfoundland and Labrador,15,0
Mar-24,Newfoundland and Labrador,11,0
Mar-25,Newfoundland and Labrador,0,0
Mar-26,Newfoundland and Labrador,47,0
Mar-27,Newfoundland and Labrador,20,0
Mar-28,Newfoundland and Labrador,18,0
Mar-29,Newfoundland and Labrador,15,0
Mar-30,Newfoundland and Labrador,13,1
Mar-31,Newfoundland and Labrador,4,0
Apr-01,Newfoundland and Labrador,23,0
Apr-02,Newfoundland and Labrador,8,0
Apr-03,Newfoundland and Labrador,12,0
Apr-04,Newfoundland and Labrador,0,0
Apr-05,Newfoundland and Labrador,22,0
Apr-06,Newfoundland and Labrador,9,0
Apr-07,Newfoundland and Labrador,2,0
Apr-08,Newfoundland and Labrador,0,0
Apr-09,Newfoundland and Labrador,4,1
Apr-10,Newfoundland and Labrador,7,1
Apr-11,Newfoundland and Labrador,2,0
Apr-12,Newfoundland and Labrador,1,0
Apr-13,Newfoundland and Labrador,2,0
Apr-14,Newfoundland and Labrador,0,0
Apr-15,Newfoundland and Labrador,3,0
Apr-16,Newfoundland and Labrador,5,0
Apr-17,Newfoundland and Labrador,4,0
Apr-18,Newfoundland and Labrador,1,0
Apr-19,Newfoundland and Labrador,0,0
Apr-20,Newfoundland and Labrador,0,0
Apr-21,Newfoundland and Labrador,0,0
Apr-22,Newfoundland and Labrador,0,0
Apr-23,Newfoundland and Labrador,0,0
Apr-24,Newfoundland and Labrador,0,0
Apr-25,Newfoundland and Labrador,1,0
Apr-26,Newfoundland and Labrador,1,0
Apr-27,Newfoundland and Labrador,0,0
Apr-28,Newfoundland and Labrador,0,0
Apr-29,Newfoundland and Labrador,0,0
Apr-30,Newfoundland and Labrador,0,0
May-01,Newfoundland and Labrador,1,0
May-02,Newfoundland and Labrador,0,0
May-03,Newfoundland and Labrador,0,0
May-04,Newfoundland and Labrador,0,0
May-05,Newfoundland and Labrador,0,0
May-06,Newfoundland and Labrador,0,0
May-07,Newfoundland and Labrador,2,0
May-08,Newfoundland and Labrador,0,0
May-09,Newfoundland and Labrador,0,0
May-10,Newfoundland and Labrador,0,0
May-11,Newfoundland and Labrador,0,0
May-12,Newfoundland and Labrador,0,0
May-13,Newfoundland and Labrador,0,0
May-14,Newfoundland and Labrador,0,0
May-15,Newfoundland and Labrador,0,0
May-16,Newfoundland and Labrador,0,0
May-17,Newfoundland and Labrador,0,0
May-18,Newfoundland and Labrador,0,0
May-19,Newfoundland and Labrador,0,0
May-20,Newfoundland and Labrador,0,0
May-21,Newfoundland and Labrador,0,0
May-22,Newfoundland and Labrador,0,0
May-23,Newfoundland and Labrador,0,0
May-24,Newfoundland and Labrador,0,0
May-25,Newfoundland and Labrador,0,0
May-26,Newfoundland and Labrador,0,0
May-27,Newfoundland and Labrador,0,0
May-28,Newfoundland and Labrador,1,0
May-29,Newfoundland and Labrador,0,0
May-30,Newfoundland and Labrador,0,0
May-31,Newfoundland and Labrador,0,0
Jun-01,Newfoundland and Labrador,0,0
Jun-02,Newfoundland and Labrador,0,0
Jun-03,Newfoundland and Labrador,0,0
Jun-04,Newfoundland and Labrador,0,0
Jun-05,Newfoundland and Labrador,0,0
Jun-06,Newfoundland and Labrador,0,0
Jun-07,Newfoundland and Labrador,0,0
Jun-08,Newfoundland and Labrador,0,0
Jun-09,Newfoundland and Labrador,0,0
Jun-10,Newfoundland and Labrador,0,0
Jun-11,Newfoundland and Labrador,0,0
Jun-12,Newfoundland and Labrador,0,0
Jun-13,Newfoundland and Labrador,0,0
Jun-14,Newfoundland and Labrador,0,0
Jun-15,Newfoundland and Labrador,0,0
Jun-16,Newfoundland and Labrador,0,0
Jun-17,Newfoundland and Labrador,0,0
Jun-18,Newfoundland and Labrador,0,0
Jun-19,Newfoundland and Labrador,0,0
Jun-20,Newfoundland and Labrador,0,0
Jun-21,Newfoundland and Labrador,0,0
Jun-22,Newfoundland and Labrador,0,0
Jun-23,Newfoundland and Labrador,0,0
Jun-24,Newfoundland and Labrador,0,0
Jun-25,Newfoundland and Labrador,0,0
Jun-26,Newfoundland and Labrador,0,0
Jun-27,Newfoundland and Labrador,0,0
Jun-28,Newfoundland and Labrador,0,0
Jun-29,Newfoundland and Labrador,0,0
Jun-30,Newfoundland and Labrador,0,0
Jul-01,Newfoundland and Labrador,0,0
Jul-02,Newfoundland and Labrador,0,0
Jul-03,Newfoundland and Labrador,0,0
Jul-04,Newfoundland and Labrador,0,0
Jul-05,Newfoundland and Labrador,0,0
Jul-06,Newfoundland and Labrador,0,0
Jul-07,Newfoundland and Labrador,0,0
Jul-08,Newfoundland and Labrador,0,0
Jul-09,Newfoundland and Labrador,0,0
Jul-10,Newfoundland and Labrador,1,0
Jul-11,Newfoundland and Labrador,0,0
Jul-12,Newfoundland and Labrador,0,0
Jul-13,Newfoundland and Labrador,0,0
Jul-14,Newfoundland and Labrador,0,0
Jul-15,Newfoundland and Labrador,0,0
Jul-16,Newfoundland and Labrador,0,0
Jul-17,Newfoundland and Labrador,0,0
Jul-18,Newfoundland and Labrador,0,0
Jul-19,Newfoundland and Labrador,0,0
Jul-20,Newfoundland and Labrador,0,0
Jul-21,Newfoundland and Labrador,1,0
Jul-22,Newfoundland and Labrador,1,0
Jul-23,Newfoundland and Labrador,0,0
Jul-24,Newfoundland and Labrador,1,0
Jul-25,Newfoundland and Labrador,0,0
Jul-26,Newfoundland and Labrador,1,0
Jul-27,Newfoundland and Labrador,0,0
Jul-28,Newfoundland and Labrador,0,0
Jul-29,Newfoundland and Labrador,0,0
Jul-30,Newfoundland and Labrador,0,0
Jul-31,Newfoundland and Labrador,0,0
Aug-01,Newfoundland and Labrador,0,0
Aug-02,Newfoundland and Labrador,0,0
Aug-03,Newfoundland and Labrador,0,0
Aug-04,Newfoundland and Labrador,0,0
Aug-05,Newfoundland and Labrador,0,0
Aug-06,Newfoundland and Labrador,0,0
Aug-07,Newfoundland and Labrador,1,0
Aug-08,Newfoundland and Labrador,0,0
Aug-09,Newfoundland and Labrador,0,0
Aug-10,Newfoundland and Labrador,1,0
Aug-11,Newfoundland and Labrador,0,0
Aug-12,Newfoundland and Labrador,0,0
Aug-13,Newfoundland and Labrador,0,0
Aug-14,Newfoundland and Labrador,0,0
Aug-15,Newfoundland and Labrador,0,0
Aug-16,Newfoundland and Labrador,0,0
Aug-17,Newfoundland and Labrador,0,0
Aug-18,Newfoundland and Labrador,0,0
Aug-19,Newfoundland and Labrador,0,0
Aug-20,Newfoundland and Labrador,0,0
Aug-21,Newfoundland and Labrador,0,0
Aug-22,Newfoundland and Labrador,0,0
Aug-23,Newfoundland and Labrador,0,0
Aug-24,Newfoundland and Labrador,0,0
Aug-25,Newfoundland and Labrador,0,0
Aug-26,Newfoundland and Labrador,0,0
Aug-27,Newfoundland and Labrador,0,0
Aug-28,Newfoundland and Labrador,1,0
Aug-29,Newfoundland and Labrador,0,0
Aug-30,Newfoundland and Labrador,0,0
Aug-31,Newfoundland and Labrador,0,0
Sep-01,Newfoundland and Labrador,0,0
Sep-02,Newfoundland and Labrador,0,0
Sep-03,Newfoundland and Labrador,0,0
Sep-04,Newfoundland and Labrador,0,0
Sep-05,Newfoundland and Labrador,1,0
Sep-06,Newfoundland and Labrador,0,0
Sep-07,Newfoundland and Labrador,0,0
Sep-08,Newfoundland and Labrador,0,0
Sep-09,Newfoundland and Labrador,0,0
Sep-10,Newfoundland and Labrador,0,0
Sep-11,Newfoundland and Labrador,0,0
Sep-12,Newfoundland and Labrador,1,0
Sep-13,Newfoundland and Labrador,0,0
Sep-14,Newfoundland and Labrador,0,0
Sep-15,Newfoundland and Labrador,0,0
Sep-16,Newfoundland and Labrador,0,0
Sep-17,Newfoundland and Labrador,0,0
Sep-18,Newfoundland and Labrador,1,0
Sep-19,Newfoundland and Labrador,0,0
Sep-20,Newfoundland and Labrador,0,0
Sep-21,Newfoundland and Labrador,0,0
Sep-22,Newfoundland and Labrador,0,0
Sep-23,Newfoundland and Labrador,0,0
Sep-24,Newfoundland and Labrador,0,0
Sep-25,Newfoundland and Labrador,0,0
Sep-26,Newfoundland and Labrador,0,0
Sep-27,Newfoundland and Labrador,1,0
Sep-28,Newfoundland and Labrador,0,0
Sep-29,Newfoundland and Labrador,0,0
Sep-30,Newfoundland and Labrador,1,0
Oct-01,Newfoundland and Labrador,1,0
Oct-02,Newfoundland and Labrador,0,0
Oct-03,Newfoundland and Labrador,1,1
Oct-04,Newfoundland and Labrador,1,0
Oct-05,Newfoundland and Labrador,0,0
Oct-06,Newfoundland and Labrador,0,0
Oct-07,Newfoundland and Labrador,0,0
Oct-08,Newfoundland and Labrador,0,0
Oct-09,Newfoundland and Labrador,2,0
Oct-10,Newfoundland and Labrador,3,0
Oct-11,Newfoundland and Labrador,0,0
Oct-12,Newfoundland and Labrador,1,0
Oct-13,Newfoundland and Labrador,0,0
Oct-14,Newfoundland and Labrador,0,0
Oct-15,Newfoundland and Labrador,1,0
Oct-16,Newfoundland and Labrador,3,0
Oct-17,Newfoundland and Labrador,0,0
Oct-18,Newfoundland and Labrador,0,0
Oct-19,Newfoundland and Labrador,0,0
Oct-20,Newfoundland and Labrador,0,0
Oct-21,Newfoundland and Labrador,0,0
Oct-22,Newfoundland and Labrador,1,0
Oct-23,Newfoundland and Labrador,0,0
Oct-24,Newfoundland and Labrador,1,0
Oct-25,Newfoundland and Labrador,1,0
Oct-26,Newfoundland and Labrador,1,0
Oct-27,Newfoundland and Labrador,0,0
Oct-28,Newfoundland and Labrador,0,0
Oct-29,Newfoundland and Labrador,0,0
Oct-30,Newfoundland and Labrador,0,0
Oct-31,Newfoundland and Labrador,0,0
Nov-01,Newfoundland and Labrador,0,0
Nov-02,Newfoundland and Labrador,0,0
Nov-03,Newfoundland and Labrador,0,0
Jan-23,Nova Scotia,0,0
Jan-24,Nova Scotia,0,0
Jan-25,Nova Scotia,0,0
Jan-26,Nova Scotia,0,0
Jan-27,Nova Scotia,0,0
Jan-28,Nova Scotia,0,0
Jan-29,Nova Scotia,0,0
Jan-30,Nova Scotia,0,0
Jan-31,Nova Scotia,0,0
Feb-01,Nova Scotia,0,0
Feb-02,Nova Scotia,0,0
Feb-03,Nova Scotia,0,0
Feb-04,Nova Scotia,0,0
Feb-05,Nova Scotia,0,0
Feb-06,Nova Scotia,0,0
Feb-07,Nova Scotia,0,0
Feb-08,Nova Scotia,0,0
Feb-09,Nova Scotia,0,0
Feb-10,Nova Scotia,0,0
Feb-11,Nova Scotia,0,0
Feb-12,Nova Scotia,0,0
Feb-13,Nova Scotia,0,0
Feb-14,Nova Scotia,0,0
Feb-15,Nova Scotia,0,0
Feb-16,Nova Scotia,0,0
Feb-17,Nova Scotia,0,0
Feb-18,Nova Scotia,0,0
Feb-19,Nova Scotia,0,0
Feb-20,Nova Scotia,0,0
Feb-21,Nova Scotia,0,0
Feb-22,Nova Scotia,0,0
Feb-23,Nova Scotia,0,0
Feb-24,Nova Scotia,0,0
Feb-25,Nova Scotia,0,0
Feb-26,Nova Scotia,0,0
Feb-27,Nova Scotia,0,0
Feb-28,Nova Scotia,0,0
Feb-29,Nova Scotia,0,0
Mar-01,Nova Scotia,0,0
Mar-02,Nova Scotia,0,0
Mar-03,Nova Scotia,0,0
Mar-04,Nova Scotia,0,0
Mar-05,Nova Scotia,0,0
Mar-06,Nova Scotia,0,0
Mar-07,Nova Scotia,0,0
Mar-08,Nova Scotia,0,0
Mar-09,Nova Scotia,0,0
Mar-10,Nova Scotia,0,0
Mar-11,Nova Scotia,0,0
Mar-12,Nova Scotia,0,0
Mar-13,Nova Scotia,0,0
Mar-14,Nova Scotia,0,0
Mar-15,Nova Scotia,0,0
Mar-16,Nova Scotia,5,0
Mar-17,Nova Scotia,2,0
Mar-18,Nova Scotia,5,0
Mar-19,Nova Scotia,2,0
Mar-20,Nova Scotia,1,0
Mar-21,Nova Scotia,6,0
Mar-22,Nova Scotia,7,0
Mar-23,Nova Scotia,13,0
Mar-24,Nova Scotia,10,0
Mar-25,Nova Scotia,17,0
Mar-26,Nova Scotia,5,0
Mar-27,Nova Scotia,17,0
Mar-28,Nova Scotia,20,0
Mar-29,Nova Scotia,12,0
Mar-30,Nova Scotia,5,0
Mar-31,Nova Scotia,20,0
Apr-01,Nova Scotia,26,0
Apr-02,Nova Scotia,20,0
Apr-03,Nova Scotia,14,0
Apr-04,Nova Scotia,29,0
Apr-05,Nova Scotia,26,0
Apr-06,Nova Scotia,31,0
Apr-07,Nova Scotia,17,1
Apr-08,Nova Scotia,0,0
Apr-09,Nova Scotia,32,0
Apr-10,Nova Scotia,65,1
Apr-11,Nova Scotia,21,0
Apr-12,Nova Scotia,17,0
Apr-13,Nova Scotia,29,1
Apr-14,Nova Scotia,43,0
Apr-15,Nova Scotia,32,0
Apr-16,Nova Scotia,30,0
Apr-17,Nova Scotia,27,1
Apr-18,Nova Scotia,43,3
Apr-19,Nova Scotia,26,2
Apr-20,Nova Scotia,46,0
Apr-21,Nova Scotia,16,1
Apr-22,Nova Scotia,35,2
Apr-23,Nova Scotia,55,4
Apr-24,Nova Scotia,23,0
Apr-25,Nova Scotia,15,6
Apr-26,Nova Scotia,8,2
Apr-27,Nova Scotia,27,0
Apr-28,Nova Scotia,15,3
Apr-29,Nova Scotia,20,1
Apr-30,Nova Scotia,12,0
May-01,Nova Scotia,12,1
May-02,Nova Scotia,4,2
May-03,Nova Scotia,8,6
May-04,Nova Scotia,14,1
May-05,Nova Scotia,6,3
May-06,Nova Scotia,7,0
May-07,Nova Scotia,9,3
May-08,Nova Scotia,1,2
May-09,Nova Scotia,3,1
May-10,Nova Scotia,7,0
May-11,Nova Scotia,1,1
May-12,Nova Scotia,1,0
May-13,Nova Scotia,4,3
May-14,Nova Scotia,2,0
May-15,Nova Scotia,8,4
May-16,Nova Scotia,3,0
May-17,Nova Scotia,3,0
May-18,Nova Scotia,3,0
May-19,Nova Scotia,1,1
May-20,Nova Scotia,1,1
May-21,Nova Scotia,1,1
May-22,Nova Scotia,2,0
May-23,Nova Scotia,1,0
May-24,Nova Scotia,1,0
May-25,Nova Scotia,1,0
May-26,Nova Scotia,1,1
May-27,Nova Scotia,1,0
May-28,Nova Scotia,2,0
May-29,Nova Scotia,0,0
May-30,Nova Scotia,1,1
May-31,Nova Scotia,0,0
Jun-01,Nova Scotia,1,0
Jun-02,Nova Scotia,0,0
Jun-03,Nova Scotia,1,0
Jun-04,Nova Scotia,0,1
Jun-05,Nova Scotia,0,0
Jun-06,Nova Scotia,0,0
Jun-07,Nova Scotia,1,0
Jun-08,Nova Scotia,0,0
Jun-09,Nova Scotia,1,1
Jun-10,Nova Scotia,1,0
Jun-11,Nova Scotia,0,0
Jun-12,Nova Scotia,0,0
Jun-13,Nova Scotia,0,0
Jun-14,Nova Scotia,0,0
Jun-15,Nova Scotia,0,0
Jun-16,Nova Scotia,0,0
Jun-17,Nova Scotia,0,0
Jun-18,Nova Scotia,0,0
Jun-19,Nova Scotia,0,0
Jun-20,Nova Scotia,0,0
Jun-21,Nova Scotia,0,0
Jun-22,Nova Scotia,0,1
Jun-23,Nova Scotia,0,0
Jun-24,Nova Scotia,0,0
Jun-25,Nova Scotia,0,0
Jun-26,Nova Scotia,0,0
Jun-27,Nova Scotia,0,0
Jun-28,Nova Scotia,0,0
Jun-29,Nova Scotia,0,0
Jun-30,Nova Scotia,1,0
Jul-01,Nova Scotia,1,0
Jul-02,Nova Scotia,1,0
Jul-03,Nova Scotia,0,0
Jul-04,Nova Scotia,0,0
Jul-05,Nova Scotia,0,0
Jul-06,Nova Scotia,1,0
Jul-07,Nova Scotia,0,0
Jul-08,Nova Scotia,1,0
Jul-09,Nova Scotia,0,0
Jul-10,Nova Scotia,0,0
Jul-11,Nova Scotia,0,0
Jul-12,Nova Scotia,0,0
Jul-13,Nova Scotia,0,0
Jul-14,Nova Scotia,0,0
Jul-15,Nova Scotia,1,0
Jul-16,Nova Scotia,0,0
Jul-17,Nova Scotia,0,0
Jul-18,Nova Scotia,0,0
Jul-19,Nova Scotia,0,0
Jul-20,Nova Scotia,0,0
Jul-21,Nova Scotia,0,0
Jul-22,Nova Scotia,0,0
Jul-23,Nova Scotia,0,0
Jul-24,Nova Scotia,0,0
Jul-25,Nova Scotia,0,0
Jul-26,Nova Scotia,0,0
Jul-27,Nova Scotia,0,0
Jul-28,Nova Scotia,0,0
Jul-29,Nova Scotia,0,1
Jul-30,Nova Scotia,0,0
Jul-31,Nova Scotia,2,0
Aug-01,Nova Scotia,0,0
Aug-02,Nova Scotia,2,0
Aug-03,Nova Scotia,0,0
Aug-04,Nova Scotia,0,0
Aug-05,Nova Scotia,0,0
Aug-06,Nova Scotia,0,0
Aug-07,Nova Scotia,0,0
Aug-08,Nova Scotia,0,0
Aug-09,Nova Scotia,0,0
Aug-10,Nova Scotia,0,0
Aug-11,Nova Scotia,0,0
Aug-12,Nova Scotia,0,0
Aug-13,Nova Scotia,0,0
Aug-14,Nova Scotia,1,0
Aug-15,Nova Scotia,2,0
Aug-16,Nova Scotia,0,0
Aug-17,Nova Scotia,1,0
Aug-18,Nova Scotia,0,0
Aug-19,Nova Scotia,1,0
Aug-20,Nova Scotia,1,0
Aug-21,Nova Scotia,0,0
Aug-22,Nova Scotia,1,0
Aug-23,Nova Scotia,2,1
Aug-24,Nova Scotia,0,0
Aug-25,Nova Scotia,0,0
Aug-26,Nova Scotia,1,0
Aug-27,Nova Scotia,0,0
Aug-28,Nova Scotia,2,0
Aug-29,Nova Scotia,0,0
Aug-30,Nova Scotia,0,0
Aug-31,Nova Scotia,2,0
Sep-01,Nova Scotia,0,0
Sep-02,Nova Scotia,0,0
Sep-03,Nova Scotia,0,0
Sep-04,Nova Scotia,0,0
Sep-05,Nova Scotia,0,0
Sep-06,Nova Scotia,0,0
Sep-07,Nova Scotia,1,0
Sep-08,Nova Scotia,0,0
Sep-09,Nova Scotia,0,0
Sep-10,Nova Scotia,0,0
Sep-11,Nova Scotia,0,0
Sep-12,Nova Scotia,0,0
Sep-13,Nova Scotia,0,0
Sep-14,Nova Scotia,0,0
Sep-15,Nova Scotia,0,0
Sep-16,Nova Scotia,0,0
Sep-17,Nova Scotia,0,0
Sep-18,Nova Scotia,0,0
Sep-19,Nova Scotia,0,0
Sep-20,Nova Scotia,0,0
Sep-21,Nova Scotia,0,0
Sep-22,Nova Scotia,1,0
Sep-23,Nova Scotia,0,0
Sep-24,Nova Scotia,0,0
Sep-25,Nova Scotia,0,0
Sep-26,Nova Scotia,0,0
Sep-27,Nova Scotia,0,0
Sep-28,Nova Scotia,0,0
Sep-29,Nova Scotia,0,0
Sep-30,Nova Scotia,1,0
Oct-01,Nova Scotia,0,0
Oct-02,Nova Scotia,1,0
Oct-03,Nova Scotia,0,0
Oct-04,Nova Scotia,0,0
Oct-05,Nova Scotia,0,0
Oct-06,Nova Scotia,0,0
Oct-07,Nova Scotia,0,0
Oct-08,Nova Scotia,0,0
Oct-09,Nova Scotia,0,0
Oct-10,Nova Scotia,3,0
Oct-11,Nova Scotia,0,0
Oct-12,Nova Scotia,0,0
Oct-13,Nova Scotia,0,0
Oct-14,Nova Scotia,0,0
Oct-15,Nova Scotia,0,0
Oct-16,Nova Scotia,1,0
Oct-17,Nova Scotia,0,0
Oct-18,Nova Scotia,4,0
Oct-19,Nova Scotia,0,0
Oct-20,Nova Scotia,0,0
Oct-21,Nova Scotia,0,0
Oct-22,Nova Scotia,0,0
Oct-23,Nova Scotia,0,0
Oct-24,Nova Scotia,3,0
Oct-25,Nova Scotia,0,0
Oct-26,Nova Scotia,1,0
Oct-27,Nova Scotia,1,0
Oct-28,Nova Scotia,0,0
Oct-29,Nova Scotia,0,0
Oct-30,Nova Scotia,2,0
Oct-31,Nova Scotia,5,0
Nov-01,Nova Scotia,2,0
Nov-02,Nova Scotia,2,0
Nov-03,Nova Scotia,1,0
Jan-23,Ontario,0,0
Jan-24,Ontario,0,0
Jan-25,Ontario,0,0
Jan-26,Ontario,1,0
Jan-27,Ontario,0,0
Jan-28,Ontario,0,0
Jan-29,Ontario,0,0
Jan-30,Ontario,0,0
Jan-31,Ontario,2,0
Feb-01,Ontario,0,0
Feb-02,Ontario,0,0
Feb-03,Ontario,0,0
Feb-04,Ontario,0,0
Feb-05,Ontario,0,0
Feb-06,Ontario,0,0
Feb-07,Ontario,0,0
Feb-08,Ontario,0,0
Feb-09,Ontario,0,0
Feb-10,Ontario,0,0
Feb-11,Ontario,0,0
Feb-12,Ontario,0,0
Feb-13,Ontario,0,0
Feb-14,Ontario,0,0
Feb-15,Ontario,0,0
Feb-16,Ontario,0,0
Feb-17,Ontario,0,0
Feb-18,Ontario,0,0
Feb-19,Ontario,0,0
Feb-20,Ontario,0,0
Feb-21,Ontario,0,0
Feb-22,Ontario,0,0
Feb-23,Ontario,0,0
Feb-24,Ontario,1,0
Feb-25,Ontario,0,0
Feb-26,Ontario,0,0
Feb-27,Ontario,2,0
Feb-28,Ontario,0,0
Feb-29,Ontario,5,0
Mar-01,Ontario,4,0
Mar-02,Ontario,3,0
Mar-03,Ontario,2,0
Mar-04,Ontario,0,0
Mar-05,Ontario,2,0
Mar-06,Ontario,3,0
Mar-07,Ontario,3,0
Mar-08,Ontario,1,0
Mar-09,Ontario,5,0
Mar-10,Ontario,2,0
Mar-11,Ontario,5,0
Mar-12,Ontario,1,0
Mar-13,Ontario,32,0
Mar-14,Ontario,5,0
Mar-15,Ontario,25,0
Mar-16,Ontario,73,0
Mar-17,Ontario,8,1
Mar-18,Ontario,36,0
Mar-19,Ontario,36,0
Mar-20,Ontario,51,1
Mar-21,Ontario,69,1
Mar-22,Ontario,48,2
Mar-23,Ontario,78,1
Mar-24,Ontario,85,1
Mar-25,Ontario,100,1
Mar-26,Ontario,170,5
Mar-27,Ontario,136,5
Mar-28,Ontario,150,0
Mar-29,Ontario,211,3
Mar-30,Ontario,351,10
Mar-31,Ontario,260,2
Apr-01,Ontario,426,4
Apr-02,Ontario,401,16
Apr-03,Ontario,462,14
Apr-04,Ontario,375,27
Apr-05,Ontario,724,25
Apr-06,Ontario,0,31
Apr-07,Ontario,379,3
Apr-08,Ontario,550,0
Apr-09,Ontario,483,47
Apr-10,Ontario,478,22
Apr-11,Ontario,411,31
Apr-12,Ontario,401,21
Apr-13,Ontario,421,17
Apr-14,Ontario,483,43
Apr-15,Ontario,494,51
Apr-16,Ontario,1393,105
Apr-17,Ontario,616,34
Apr-18,Ontario,557,40
Apr-19,Ontario,548,27
Apr-20,Ontario,502,33
Apr-21,Ontario,652,70
Apr-22,Ontario,1003,68
Apr-23,Ontario,350,44
Apr-24,Ontario,482,56
Apr-25,Ontario,462,54
Apr-26,Ontario,556,44
Apr-27,Ontario,402,63
Apr-28,Ontario,530,49
Apr-29,Ontario,478,81
Apr-30,Ontario,417,52
May-01,Ontario,485,60
May-02,Ontario,441,27
May-03,Ontario,253,34
May-04,Ontario,523,120
May-05,Ontario,371,59
May-06,Ontario,442,55
May-07,Ontario,478,47
May-08,Ontario,438,58
May-09,Ontario,322,61
May-10,Ontario,321,25
May-11,Ontario,348,37
May-12,Ontario,341,64
May-13,Ontario,358,31
May-14,Ontario,349,32
May-15,Ontario,393,24
May-16,Ontario,387,37
May-17,Ontario,329,23
May-18,Ontario,312,20
May-19,Ontario,469,13
May-20,Ontario,442,47
May-21,Ontario,398,27
May-22,Ontario,490,23
May-23,Ontario,475,28
May-24,Ontario,337,24
May-25,Ontario,405,29
May-26,Ontario,322,25
May-27,Ontario,319,29
May-28,Ontario,377,28
May-29,Ontario,380,21
May-30,Ontario,323,19
May-31,Ontario,367,12
Jun-01,Ontario,455,9
Jun-02,Ontario,414,22
Jun-03,Ontario,344,17
Jun-04,Ontario,343,44
Jun-05,Ontario,413,10
Jun-06,Ontario,261,37
Jun-07,Ontario,476,19
Jun-08,Ontario,299,22
Jun-09,Ontario,283,12
Jun-10,Ontario,258,16
Jun-11,Ontario,237,11
Jun-12,Ontario,205,10
Jun-13,Ontario,247,9
Jun-14,Ontario,181,8
Jun-15,Ontario,180,0
Jun-16,Ontario,188,16
Jun-17,Ontario,208,12
Jun-18,Ontario,192,6
Jun-19,Ontario,206,12
Jun-20,Ontario,264,25
Jun-21,Ontario,173,7
Jun-22,Ontario,201,9
Jun-23,Ontario,239,10
Jun-24,Ontario,204,14
Jun-25,Ontario,185,13
Jun-26,Ontario,105,3
Jun-27,Ontario,171,5
Jun-28,Ontario,275,6
Jun-29,Ontario,226,9
Jun-30,Ontario,138,4
Jul-01,Ontario,124,4
Jul-02,Ontario,157,3
Jul-03,Ontario,165,3
Jul-04,Ontario,118,4
Jul-05,Ontario,128,0
Jul-06,Ontario,176,0
Jul-07,Ontario,88,1
Jul-08,Ontario,162,4
Jul-09,Ontario,121,2
Jul-10,Ontario,123,10
Jul-11,Ontario,75,0
Jul-12,Ontario,83,4
Jul-13,Ontario,249,3
Jul-14,Ontario,84,2
Jul-15,Ontario,104,9
Jul-16,Ontario,125,6
Jul-17,Ontario,121,6
Jul-18,Ontario,152,1
Jul-19,Ontario,118,3
Jul-20,Ontario,119,1
Jul-21,Ontario,165,3
Jul-22,Ontario,106,1
Jul-23,Ontario,112,0
Jul-24,Ontario,405,1
Jul-25,Ontario,116,2
Jul-26,Ontario,101,4
Jul-27,Ontario,115,1
Jul-28,Ontario,114,5
Jul-29,Ontario,86,1
Jul-30,Ontario,80,3
Jul-31,Ontario,225,3
Aug-01,Ontario,79,2
Aug-02,Ontario,76,1
Aug-03,Ontario,58,3
Aug-04,Ontario,104,3
Aug-05,Ontario,65,1
Aug-06,Ontario,75,0
Aug-07,Ontario,180,0
Aug-08,Ontario,79,2
Aug-09,Ontario,68,1
Aug-10,Ontario,120,0
Aug-11,Ontario,80,0
Aug-12,Ontario,71,1
Aug-13,Ontario,80,1
Aug-14,Ontario,99,1
Aug-15,Ontario,89,1
Aug-16,Ontario,62,0
Aug-17,Ontario,123,0
Aug-18,Ontario,114,1
Aug-19,Ontario,90,0
Aug-20,Ontario,93,1
Aug-21,Ontario,143,3
Aug-22,Ontario,92,1
Aug-23,Ontario,105,0
Aug-24,Ontario,131,1
Aug-25,Ontario,87,2
Aug-26,Ontario,117,3
Aug-27,Ontario,143,0
Aug-28,Ontario,118,7
Aug-29,Ontario,126,1
Aug-30,Ontario,98,0
Aug-31,Ontario,136,1
Sep-01,Ontario,139,1
Sep-02,Ontario,154,0
Sep-03,Ontario,148,1
Sep-04,Ontario,132,0
Sep-05,Ontario,167,0
Sep-06,Ontario,137,2
Sep-07,Ontario,158,1
Sep-08,Ontario,231,0
Sep-09,Ontario,179,0
Sep-10,Ontario,163,1
Sep-11,Ontario,231,0
Sep-12,Ontario,205,0
Sep-13,Ontario,162,0
Sep-14,Ontario,420,2
Sep-15,Ontario,260,5
Sep-16,Ontario,323,2
Sep-17,Ontario,200,1
Sep-18,Ontario,531,2
Sep-19,Ontario,98,1
Sep-20,Ontario,633,0
Sep-21,Ontario,492,3
Sep-22,Ontario,502,4
Sep-23,Ontario,329,2
Sep-24,Ontario,364,0
Sep-25,Ontario,529,1
Sep-26,Ontario,273,1
Sep-27,Ontario,695,1
Sep-28,Ontario,315,1
Sep-29,Ontario,666,3
Sep-30,Ontario,944,4
Oct-01,Ontario,584,3
Oct-02,Ontario,732,84
Oct-03,Ontario,147,10
Oct-04,Ontario,1022,33
Oct-05,Ontario,694,9
Oct-06,Ontario,557,3
Oct-07,Ontario,407,1
Oct-08,Ontario,711,4
Oct-09,Ontario,1276,5
Oct-10,Ontario,889,7
Oct-11,Ontario,600,1
Oct-12,Ontario,0,0
Oct-13,Ontario,1622,13
Oct-14,Ontario,792,2
Oct-15,Ontario,734,7
Oct-16,Ontario,904,11
Oct-17,Ontario,139,1
Oct-18,Ontario,1158,11
Oct-19,Ontario,722,2
Oct-20,Ontario,807,4
Oct-21,Ontario,806,8
Oct-22,Ontario,908,9
Oct-23,Ontario,870,7
Oct-24,Ontario,283,1
Oct-25,Ontario,1720,9
Oct-26,Ontario,841,10
Oct-27,Ontario,883,2
Oct-28,Ontario,798,6
Oct-29,Ontario,995,11
Oct-30,Ontario,995,9
Oct-31,Ontario,877,7
Nov-01,Ontario,983,9
Nov-02,Ontario,1055,10
Nov-03,Ontario,1116,15
Jan-23,Prince Edward Island,0,0
Jan-24,Prince Edward Island,0,0
Jan-25,Prince Edward Island,0,0
Jan-26,Prince Edward Island,0,0
Jan-27,Prince Edward Island,0,0
Jan-28,Prince Edward Island,0,0
Jan-29,Prince Edward Island,0,0
Jan-30,Prince Edward Island,0,0
Jan-31,Prince Edward Island,0,0
Feb-01,Prince Edward Island,0,0
Feb-02,Prince Edward Island,0,0
Feb-03,Prince Edward Island,0,0
Feb-04,Prince Edward Island,0,0
Feb-05,Prince Edward Island,0,0
Feb-06,Prince Edward Island,0,0
Feb-07,Prince Edward Island,0,0
Feb-08,Prince Edward Island,0,0
Feb-09,Prince Edward Island,0,0
Feb-10,Prince Edward Island,0,0
Feb-11,Prince Edward Island,0,0
Feb-12,Prince Edward Island,0,0
Feb-13,Prince Edward Island,0,0
Feb-14,Prince Edward Island,0,0
Feb-15,Prince Edward Island,0,0
Feb-16,Prince Edward Island,0,0
Feb-17,Prince Edward Island,0,0
Feb-18,Prince Edward Island,0,0
Feb-19,Prince Edward Island,0,0
Feb-20,Prince Edward Island,0,0
Feb-21,Prince Edward Island,0,0
Feb-22,Prince Edward Island,0,0
Feb-23,Prince Edward Island,0,0
Feb-24,Prince Edward Island,0,0
Feb-25,Prince Edward Island,0,0
Feb-26,Prince Edward Island,0,0
Feb-27,Prince Edward Island,0,0
Feb-28,Prince Edward Island,0,0
Feb-29,Prince Edward Island,0,0
Mar-01,Prince Edward Island,0,0
Mar-02,Prince Edward Island,0,0
Mar-03,Prince Edward Island,0,0
Mar-04,Prince Edward Island,0,0
Mar-05,Prince Edward Island,0,0
Mar-06,Prince Edward Island,0,0
Mar-07,Prince Edward Island,0,0
Mar-08,Prince Edward Island,0,0
Mar-09,Prince Edward Island,0,0
Mar-10,Prince Edward Island,0,0
Mar-11,Prince Edward Island,0,0
Mar-12,Prince Edward Island,0,0
Mar-13,Prince Edward Island,0,0
Mar-14,Prince Edward Island,0,0
Mar-15,Prince Edward Island,1,0
Mar-16,Prince Edward Island,0,0
Mar-17,Prince Edward Island,0,0
Mar-18,Prince Edward Island,0,0
Mar-19,Prince Edward Island,1,0
Mar-20,Prince Edward Island,0,0
Mar-21,Prince Edward Island,0,0
Mar-22,Prince Edward Island,1,0
Mar-23,Prince Edward Island,0,0
Mar-24,Prince Edward Island,0,0
Mar-25,Prince Edward Island,2,0
Mar-26,Prince Edward Island,0,0
Mar-27,Prince Edward Island,4,0
Mar-28,Prince Edward Island,2,0
Mar-29,Prince Edward Island,0,0
Mar-30,Prince Edward Island,7,0
Mar-31,Prince Edward Island,3,0
Apr-01,Prince Edward Island,0,0
Apr-02,Prince Edward Island,1,0
Apr-03,Prince Edward Island,0,0
Apr-04,Prince Edward Island,0,0
Apr-05,Prince Edward Island,0,0
Apr-06,Prince Edward Island,0,0
Apr-07,Prince Edward Island,0,0
Apr-08,Prince Edward Island,3,1
Apr-09,Prince Edward Island,0,0
Apr-10,Prince Edward Island,0,0
Apr-11,Prince Edward Island,0,0
Apr-12,Prince Edward Island,0,0
Apr-13,Prince Edward Island,0,0
Apr-14,Prince Edward Island,0,0
Apr-15,Prince Edward Island,1,0
Apr-16,Prince Edward Island,0,0
Apr-17,Prince Edward Island,0,0
Apr-18,Prince Edward Island,0,0
Apr-19,Prince Edward Island,0,0
Apr-20,Prince Edward Island,0,0
Apr-21,Prince Edward Island,0,0
Apr-22,Prince Edward Island,0,0
Apr-23,Prince Edward Island,0,0
Apr-24,Prince Edward Island,0,0
Apr-25,Prince Edward Island,0,0
Apr-26,Prince Edward Island,0,0
Apr-27,Prince Edward Island,0,0
Apr-28,Prince Edward Island,1,0
Apr-29,Prince Edward Island,0,0
Apr-30,Prince Edward Island,0,0
May-01,Prince Edward Island,0,0
May-02,Prince Edward Island,0,0
May-03,Prince Edward Island,0,0
May-04,Prince Edward Island,0,0
May-05,Prince Edward Island,0,0
May-06,Prince Edward Island,0,0
May-07,Prince Edward Island,0,0
May-08,Prince Edward Island,0,0
May-09,Prince Edward Island,0,0
May-10,Prince Edward Island,0,0
May-11,Prince Edward Island,0,0
May-12,Prince Edward Island,0,0
May-13,Prince Edward Island,0,0
May-14,Prince Edward Island,0,0
May-15,Prince Edward Island,0,0
May-16,Prince Edward Island,0,0
May-17,Prince Edward Island,0,0
May-18,Prince Edward Island,0,0
May-19,Prince Edward Island,0,0
May-20,Prince Edward Island,0,0
May-21,Prince Edward Island,0,0
May-22,Prince Edward Island,0,0
May-23,Prince Edward Island,0,0
May-24,Prince Edward Island,0,0
May-25,Prince Edward Island,0,0
May-26,Prince Edward Island,0,0
May-27,Prince Edward Island,0,0
May-28,Prince Edward Island,0,0
May-29,Prince Edward Island,0,0
May-30,Prince Edward Island,0,0
May-31,Prince Edward Island,0,0
Jun-01,Prince Edward Island,0,0
Jun-02,Prince Edward Island,0,0
Jun-03,Prince Edward Island,0,0
Jun-04,Prince Edward Island,0,0
Jun-05,Prince Edward Island,0,0
Jun-06,Prince Edward Island,0,0
Jun-07,Prince Edward Island,0,0
Jun-08,Prince Edward Island,0,0
Jun-09,Prince Edward Island,0,0
Jun-10,Prince Edward Island,0,0
Jun-11,Prince Edward Island,0,0
Jun-12,Prince Edward Island,0,0
Jun-13,Prince Edward Island,0,0
Jun-14,Prince Edward Island,0,0
Jun-15,Prince Edward Island,0,0
Jun-16,Prince Edward Island,0,0
Jun-17,Prince Edward Island,0,0
Jun-18,Prince Edward Island,0,0
Jun-19,Prince Edward Island,0,0
Jun-20,Prince Edward Island,0,0
Jun-21,Prince Edward Island,0,0
Jun-22,Prince Edward Island,0,0
Jun-23,Prince Edward Island,0,0
Jun-24,Prince Edward Island,0,0
Jun-25,Prince Edward Island,0,0
Jun-26,Prince Edward Island,0,0
Jun-27,Prince Edward Island,0,0
Jun-28,Prince Edward Island,0,0
Jun-29,Prince Edward Island,0,0
Jun-30,Prince Edward Island,0,0
Jul-01,Prince Edward Island,0,0
Jul-02,Prince Edward Island,0,0
Jul-03,Prince Edward Island,0,0
Jul-04,Prince Edward Island,3,0
Jul-05,Prince Edward Island,2,0
Jul-06,Prince Edward Island,0,0
Jul-07,Prince Edward Island,0,0
Jul-08,Prince Edward Island,0,0
Jul-09,Prince Edward Island,1,0
Jul-10,Prince Edward Island,0,0
Jul-11,Prince Edward Island,0,0
Jul-12,Prince Edward Island,1,0
Jul-13,Prince Edward Island,1,0
Jul-14,Prince Edward Island,1,0
Jul-15,Prince Edward Island,0,0
Jul-16,Prince Edward Island,0,0
Jul-17,Prince Edward Island,0,0
Jul-18,Prince Edward Island,0,0
Jul-19,Prince Edward Island,0,0
Jul-20,Prince Edward Island,0,0
Jul-21,Prince Edward Island,0,0
Jul-22,Prince Edward Island,0,0
Jul-23,Prince Edward Island,0,0
Jul-24,Prince Edward Island,0,0
Jul-25,Prince Edward Island,0,0
Jul-26,Prince Edward Island,0,0
Jul-27,Prince Edward Island,0,0
Jul-28,Prince Edward Island,0,0
Jul-29,Prince Edward Island,0,0
Jul-30,Prince Edward Island,0,0
Jul-31,Prince Edward Island,0,0
Aug-01,Prince Edward Island,0,0
Aug-02,Prince Edward Island,0,0
Aug-03,Prince Edward Island,0,0
Aug-04,Prince Edward Island,0,0
Aug-05,Prince Edward Island,0,0
Aug-06,Prince Edward Island,0,0
Aug-07,Prince Edward Island,0,0
Aug-08,Prince Edward Island,0,0
Aug-09,Prince Edward Island,0,0
Aug-10,Prince Edward Island,0,0
Aug-11,Prince Edward Island,0,0
Aug-12,Prince Edward Island,5,0
Aug-13,Prince Edward Island,0,0
Aug-14,Prince Edward Island,0,0
Aug-15,Prince Edward Island,0,0
Aug-16,Prince Edward Island,0,0
Aug-17,Prince Edward Island,0,0
Aug-18,Prince Edward Island,3,0
Aug-19,Prince Edward Island,0,0
Aug-20,Prince Edward Island,0,0
Aug-21,Prince Edward Island,0,0
Aug-22,Prince Edward Island,0,0
Aug-23,Prince Edward Island,0,0
Aug-24,Prince Edward Island,0,0
Aug-25,Prince Edward Island,0,0
Aug-26,Prince Edward Island,0,0
Aug-27,Prince Edward Island,0,0
Aug-28,Prince Edward Island,0,0
Aug-29,Prince Edward Island,0,0
Aug-30,Prince Edward Island,0,0
Aug-31,Prince Edward Island,0,0
Sep-01,Prince Edward Island,0,0
Sep-02,Prince Edward Island,0,0
Sep-03,Prince Edward Island,2,0
Sep-04,Prince Edward Island,0,0
Sep-05,Prince Edward Island,1,0
Sep-06,Prince Edward Island,0,0
Sep-07,Prince Edward Island,4,0
Sep-08,Prince Edward Island,2,0
Sep-09,Prince Edward Island,2,0
Sep-10,Prince Edward Island,0,0
Sep-11,Prince Edward Island,0,0
Sep-12,Prince Edward Island,0,0
Sep-13,Prince Edward Island,0,0
Sep-14,Prince Edward Island,0,0
Sep-15,Prince Edward Island,2,0
Sep-16,Prince Edward Island,0,0
Sep-17,Prince Edward Island,0,0
Sep-18,Prince Edward Island,0,0
Sep-19,Prince Edward Island,0,0
Sep-20,Prince Edward Island,0,0
Sep-21,Prince Edward Island,0,0
Sep-22,Prince Edward Island,0,0
Sep-23,Prince Edward Island,1,0
Sep-24,Prince Edward Island,0,0
Sep-25,Prince Edward Island,0,0
Sep-26,Prince Edward Island,0,0
Sep-27,Prince Edward Island,0,0
Sep-28,Prince Edward Island,0,0
Sep-29,Prince Edward Island,1,0
Sep-30,Prince Edward Island,0,0
Oct-01,Prince Edward Island,0,0
Oct-02,Prince Edward Island,0,0
Oct-03,Prince Edward Island,0,0
Oct-04,Prince Edward Island,2,0
Oct-05,Prince Edward Island,0,0
Oct-06,Prince Edward Island,0,0
Oct-07,Prince Edward Island,0,0
Oct-08,Prince Edward Island,0,0
Oct-09,Prince Edward Island,0,0
Oct-10,Prince Edward Island,0,0
Oct-11,Prince Edward Island,2,0
Oct-12,Prince Edward Island,0,0
Oct-13,Prince Edward Island,0,0
Oct-14,Prince Edward Island,0,0
Oct-15,Prince Edward Island,2,0
Oct-16,Prince Edward Island,0,0
Oct-17,Prince Edward Island,0,0
Oct-18,Prince Edward Island,0,0
Oct-19,Prince Edward Island,0,0
Oct-20,Prince Edward Island,1,0
Oct-21,Prince Edward Island,0,0
Oct-22,Prince Edward Island,0,0
Oct-23,Prince Edward Island,0,0
Oct-24,Prince Edward Island,0,0
Oct-25,Prince Edward Island,0,0
Oct-26,Prince Edward Island,0,0
Oct-27,Prince Edward Island,0,0
Oct-28,Prince Edward Island,0,0
Oct-29,Prince Edward Island,0,0
Oct-30,Prince Edward Island,0,0
Oct-31,Prince Edward Island,0,0
Nov-01,Prince Edward Island,0,0
Nov-02,Prince Edward Island,0,0
Nov-03,Prince Edward Island,0,0
Jan-23,Quebec,0,0
Jan-24,Quebec,0,0
Jan-25,Quebec,0,0
Jan-26,Quebec,0,0
Jan-27,Quebec,0,0
Jan-28,Quebec,0,0
Jan-29,Quebec,0,0
Jan-30,Quebec,0,0
Jan-31,Quebec,0,0
Feb-01,Quebec,0,0
Feb-02,Quebec,0,0
Feb-03,Quebec,0,0
Feb-04,Quebec,0,0
Feb-05,Quebec,0,0
Feb-06,Quebec,0,0
Feb-07,Quebec,0,0
Feb-08,Quebec,0,0
Feb-09,Quebec,0,0
Feb-10,Quebec,0,0
Feb-11,Quebec,0,0
Feb-12,Quebec,0,0
Feb-13,Quebec,0,0
Feb-14,Quebec,0,0
Feb-15,Quebec,0,0
Feb-16,Quebec,0,0
Feb-17,Quebec,0,0
Feb-18,Quebec,0,0
Feb-19,Quebec,0,0
Feb-20,Quebec,0,0
Feb-21,Quebec,0,0
Feb-22,Quebec,0,0
Feb-23,Quebec,0,0
Feb-24,Quebec,0,0
Feb-25,Quebec,0,0
Feb-26,Quebec,0,0
Feb-27,Quebec,0,0
Feb-28,Quebec,1,0
Feb-29,Quebec,0,0
Mar-01,Quebec,0,0
Mar-02,Quebec,0,0
Mar-03,Quebec,0,0
Mar-04,Quebec,0,0
Mar-05,Quebec,1,0
Mar-06,Quebec,0,0
Mar-07,Quebec,1,0
Mar-08,Quebec,1,0
Mar-09,Quebec,0,0
Mar-10,Quebec,0,0
Mar-11,Quebec,4,0
Mar-12,Quebec,1,0
Mar-13,Quebec,8,0
Mar-14,Quebec,0,0
Mar-15,Quebec,7,0
Mar-16,Quebec,26,0
Mar-17,Quebec,24,0
Mar-18,Quebec,20,0
Mar-19,Quebec,27,1
Mar-20,Quebec,18,0
Mar-21,Quebec,42,4
Mar-22,Quebec,38,0
Mar-23,Quebec,409,0
Mar-24,Quebec,385,0
Mar-25,Quebec,329,2
Mar-26,Quebec,290,2
Mar-27,Quebec,392,10
Mar-28,Quebec,474,4
Mar-29,Quebec,342,0
Mar-30,Quebec,590,0
Mar-31,Quebec,732,9
Apr-01,Quebec,449,2
Apr-02,Quebec,907,3
Apr-03,Quebec,583,25
Apr-04,Quebec,0,0
Apr-05,Quebec,1843,14
Apr-06,Quebec,636,46
Apr-07,Quebec,760,29
Apr-08,Quebec,691,25
Apr-09,Quebec,881,41
Apr-10,Quebec,765,25
Apr-11,Quebec,615,48
Apr-12,Quebec,554,39
Apr-13,Quebec,711,32
Apr-14,Quebec,691,75
Apr-15,Quebec,612,52
Apr-16,Quebec,997,143
Apr-17,Quebec,941,58
Apr-18,Quebec,723,0
Apr-19,Quebec,429,132
Apr-20,Quebec,1369,119
Apr-21,Quebec,807,105
Apr-22,Quebec,839,90
Apr-23,Quebec,873,109
Apr-24,Quebec,778,97
Apr-25,Quebec,651,106
Apr-26,Quebec,842,70
Apr-27,Quebec,874,84
Apr-28,Quebec,778,83
Apr-29,Quebec,849,79
Apr-30,Quebec,940,97
May-01,Quebec,1106,163
May-02,Quebec,1008,114
May-03,Quebec,2209,70
May-04,Quebec,758,75
May-05,Quebec,794,118
May-06,Quebec,909,112
May-07,Quebec,915,121
May-08,Quebec,912,94
May-09,Quebec,836,61
May-10,Quebec,735,142
May-11,Quebec,748,85
May-12,Quebec,755,118
May-13,Quebec,705,89
May-14,Quebec,792,131
May-15,Quebec,697,50
May-16,Quebec,763,82
May-17,Quebec,736,79
May-18,Quebec,708,34
May-19,Quebec,570,51
May-20,Quebec,578,71
May-21,Quebec,720,82
May-22,Quebec,646,65
May-23,Quebec,697,75
May-24,Quebec,573,44
May-25,Quebec,573,85
May-26,Quebec,614,70
May-27,Quebec,541,89
May-28,Quebec,563,74
May-29,Quebec,521,60
May-30,Quebec,419,76
May-31,Quebec,408,202
Jun-01,Quebec,295,20
Jun-02,Quebec,239,52
Jun-03,Quebec,291,81
Jun-04,Quebec,259,91
Jun-05,Quebec,255,50
Jun-06,Quebec,226,35
Jun-07,Quebec,225,8
Jun-08,Quebec,198,6
Jun-09,Quebec,138,45
Jun-10,Quebec,156,52
Jun-11,Quebec,144,24
Jun-12,Quebec,181,43
Jun-13,Quebec,158,47
Jun-14,Quebec,128,27
Jun-15,Quebec,102,20
Jun-16,Quebec,92,27
Jun-17,Quebec,117,29
Jun-18,Quebec,120,42
Jun-19,Quebec,167,35
Jun-20,Quebec,124,33
Jun-21,Quebec,92,9
Jun-22,Quebec,69,0
Jun-23,Quebec,49,7
Jun-24,Quebec,53,17
Jun-25,Quebec,142,7
Jun-26,Quebec,0,0
Jun-27,Quebec,0,0
Jun-28,Quebec,0,0
Jun-29,Quebec,311,37
Jun-30,Quebec,68,18
Jul-01,Quebec,66,24
Jul-02,Quebec,69,14
Jul-03,Quebec,89,19
Jul-04,Quebec,102,6
Jul-05,Quebec,79,8
Jul-06,Quebec,74,3
Jul-07,Quebec,60,13
Jul-08,Quebec,82,13
Jul-09,Quebec,137,6
Jul-10,Quebec,100,3
Jul-11,Quebec,91,8
Jul-12,Quebec,114,7
Jul-13,Quebec,100,1
Jul-14,Quebec,109,5
Jul-15,Quebec,129,3
Jul-16,Quebec,142,10
Jul-17,Quebec,141,1
Jul-18,Quebec,158,7
Jul-19,Quebec,166,1
Jul-20,Quebec,150,2
Jul-21,Quebec,180,1
Jul-22,Quebec,142,4
Jul-23,Quebec,142,0
Jul-24,Quebec,163,1
Jul-25,Quebec,171,3
Jul-26,Quebec,169,1
Jul-27,Quebec,145,0
Jul-28,Quebec,169,3
Jul-29,Quebec,176,0
Jul-30,Quebec,58,3
Jul-31,Quebec,181,1
Aug-01,Quebec,146,4
Aug-02,Quebec,141,3
Aug-03,Quebec,123,2
Aug-04,Quebec,123,2
Aug-05,Quebec,155,2
Aug-06,Quebec,133,0
Aug-07,Quebec,108,0
Aug-08,Quebec,126,5
Aug-09,Quebec,104,3
Aug-10,Quebec,156,1
Aug-11,Quebec,91,1
Aug-12,Quebec,95,12
Aug-13,Quebec,104,6
Aug-14,Quebec,87,3
Aug-15,Quebec,80,1
Aug-16,Quebec,67,1
Aug-17,Quebec,55,1
Aug-18,Quebec,46,6
Aug-19,Quebec,64,2
Aug-20,Quebec,86,1
Aug-21,Quebec,93,3
Aug-22,Quebec,104,6
Aug-23,Quebec,74,1
Aug-24,Quebec,68,4
Aug-25,Quebec,62,2
Aug-26,Quebec,142,1
Aug-27,Quebec,111,3
Aug-28,Quebec,68,0
Aug-29,Quebec,108,5
Aug-30,Quebec,120,3
Aug-31,Quebec,140,2
Sep-01,Quebec,122,2
Sep-02,Quebec,132,2
Sep-03,Quebec,187,3
Sep-04,Quebec,184,0
Sep-05,Quebec,175,2
Sep-06,Quebec,205,0
Sep-07,Quebec,216,1
Sep-08,Quebec,163,0
Sep-09,Quebec,180,1
Sep-10,Quebec,188,2
Sep-11,Quebec,219,1
Sep-12,Quebec,244,6
Sep-13,Quebec,279,0
Sep-14,Quebec,276,0
Sep-15,Quebec,292,5
Sep-16,Quebec,303,3
Sep-17,Quebec,499,3
Sep-18,Quebec,297,1
Sep-19,Quebec,427,5
Sep-20,Quebec,462,5
Sep-21,Quebec,586,2
Sep-22,Quebec,489,1
Sep-23,Quebec,471,4
Sep-24,Quebec,582,1
Sep-25,Quebec,637,4
Sep-26,Quebec,698,7
Sep-27,Quebec,896,4
Sep-28,Quebec,750,1
Sep-29,Quebec,799,7
Sep-30,Quebec,838,1
Oct-01,Quebec,933,16
Oct-02,Quebec,1052,7
Oct-03,Quebec,1107,10
Oct-04,Quebec,1079,11
Oct-05,Quebec,1191,6
Oct-06,Quebec,1364,15
Oct-07,Quebec,900,7
Oct-08,Quebec,1078,9
Oct-09,Quebec,1102,21
Oct-10,Quebec,1097,14
Oct-11,Quebec,942,3
Oct-12,Quebec,843,12
Oct-13,Quebec,815,5
Oct-14,Quebec,1203,7
Oct-15,Quebec,969,28
Oct-16,Quebec,1055,13
Oct-17,Quebec,0,0
Oct-18,Quebec,2373,20
Oct-19,Quebec,1038,6
Oct-20,Quebec,787,11
Oct-21,Quebec,1072,19
Oct-22,Quebec,1033,20
Oct-23,Quebec,905,12
Oct-24,Quebec,1009,26
Oct-25,Quebec,879,11
Oct-26,Quebec,808,10
Oct-27,Quebec,963,19
Oct-28,Quebec,929,17
Oct-29,Quebec,1030,25
Oct-30,Quebec,1108,17
Oct-31,Quebec,1064,15
Nov-01,Quebec,965,26
Nov-02,Quebec,1037,11
Nov-03,Quebec,871,34
Jan-23,Saskatchewan,0,0
Jan-24,Saskatchewan,0,0
Jan-25,Saskatchewan,0,0
Jan-26,Saskatchewan,0,0
Jan-27,Saskatchewan,0,0
Jan-28,Saskatchewan,0,0
Jan-29,Saskatchewan,0,0
Jan-30,Saskatchewan,0,0
Jan-31,Saskatchewan,0,0
Feb-01,Saskatchewan,0,0
Feb-02,Saskatchewan,0,0
Feb-03,Saskatchewan,0,0
Feb-04,Saskatchewan,0,0
Feb-05,Saskatchewan,0,0
Feb-06,Saskatchewan,0,0
Feb-07,Saskatchewan,0,0
Feb-08,Saskatchewan,0,0
Feb-09,Saskatchewan,0,0
Feb-10,Saskatchewan,0,0
Feb-11,Saskatchewan,0,0
Feb-12,Saskatchewan,0,0
Feb-13,Saskatchewan,0,0
Feb-14,Saskatchewan,0,0
Feb-15,Saskatchewan,0,0
Feb-16,Saskatchewan,0,0
Feb-17,Saskatchewan,0,0
Feb-18,Saskatchewan,0,0
Feb-19,Saskatchewan,0,0
Feb-20,Saskatchewan,0,0
Feb-21,Saskatchewan,0,0
Feb-22,Saskatchewan,0,0
Feb-23,Saskatchewan,0,0
Feb-24,Saskatchewan,0,0
Feb-25,Saskatchewan,0,0
Feb-26,Saskatchewan,0,0
Feb-27,Saskatchewan,0,0
Feb-28,Saskatchewan,0,0
Feb-29,Saskatchewan,0,0
Mar-01,Saskatchewan,0,0
Mar-02,Saskatchewan,0,0
Mar-03,Saskatchewan,0,0
Mar-04,Saskatchewan,0,0
Mar-05,Saskatchewan,0,0
Mar-06,Saskatchewan,0,0
Mar-07,Saskatchewan,0,0
Mar-08,Saskatchewan,0,0
Mar-09,Saskatchewan,0,0
Mar-10,Saskatchewan,0,0
Mar-11,Saskatchewan,0,0
Mar-12,Saskatchewan,0,0
Mar-13,Saskatchewan,2,0
Mar-14,Saskatchewan,0,0
Mar-15,Saskatchewan,0,0
Mar-16,Saskatchewan,5,0
Mar-17,Saskatchewan,0,0
Mar-18,Saskatchewan,1,0
Mar-19,Saskatchewan,8,0
Mar-20,Saskatchewan,4,0
Mar-21,Saskatchewan,6,0
Mar-22,Saskatchewan,26,0
Mar-23,Saskatchewan,14,0
Mar-24,Saskatchewan,6,0
Mar-25,Saskatchewan,0,0
Mar-26,Saskatchewan,23,0
Mar-27,Saskatchewan,0,0
Mar-28,Saskatchewan,39,0
Mar-29,Saskatchewan,22,0
Mar-30,Saskatchewan,0,2
Mar-31,Saskatchewan,28,0
Apr-01,Saskatchewan,9,1
Apr-02,Saskatchewan,13,0
Apr-03,Saskatchewan,14,0
Apr-04,Saskatchewan,0,0
Apr-05,Saskatchewan,29,0
Apr-06,Saskatchewan,0,0
Apr-07,Saskatchewan,11,0
Apr-08,Saskatchewan,0,0
Apr-09,Saskatchewan,11,0
Apr-10,Saskatchewan,14,0
Apr-11,Saskatchewan,4,1
Apr-12,Saskatchewan,9,0
Apr-13,Saskatchewan,2,0
Apr-14,Saskatchewan,0,0
Apr-15,Saskatchewan,4,0
Apr-16,Saskatchewan,1,0
Apr-17,Saskatchewan,2,0
Apr-18,Saskatchewan,6,0
Apr-19,Saskatchewan,2,0
Apr-20,Saskatchewan,1,0
Apr-21,Saskatchewan,4,0
Apr-22,Saskatchewan,6,0
Apr-23,Saskatchewan,5,0
Apr-24,Saskatchewan,10,0
Apr-25,Saskatchewan,8,0
Apr-26,Saskatchewan,4,0
Apr-27,Saskatchewan,12,1
Apr-28,Saskatchewan,1,0
Apr-29,Saskatchewan,17,1
Apr-30,Saskatchewan,6,1
May-01,Saskatchewan,26,0
May-02,Saskatchewan,6,0
May-03,Saskatchewan,12,0
May-04,Saskatchewan,34,0
May-05,Saskatchewan,20,0
May-06,Saskatchewan,25,0
May-07,Saskatchewan,19,0
May-08,Saskatchewan,13,0
May-09,Saskatchewan,9,0
May-10,Saskatchewan,11,0
May-11,Saskatchewan,4,0
May-12,Saskatchewan,5,0
May-13,Saskatchewan,4,0
May-14,Saskatchewan,5,0
May-15,Saskatchewan,8,0
May-16,Saskatchewan,1,0
May-17,Saskatchewan,1,0
May-18,Saskatchewan,0,0
May-19,Saskatchewan,7,0
May-20,Saskatchewan,21,0
May-21,Saskatchewan,2,0
May-22,Saskatchewan,5,0
May-23,Saskatchewan,3,0
May-24,Saskatchewan,2,0
May-25,Saskatchewan,2,0
May-26,Saskatchewan,0,1
May-27,Saskatchewan,3,2
May-28,Saskatchewan,2,0
May-29,Saskatchewan,2,0
May-30,Saskatchewan,4,0
May-31,Saskatchewan,1,1
Jun-01,Saskatchewan,0,0
Jun-02,Saskatchewan,0,0
Jun-03,Saskatchewan,1,0
Jun-04,Saskatchewan,1,0
Jun-05,Saskatchewan,1,0
Jun-06,Saskatchewan,1,0
Jun-07,Saskatchewan,0,0
Jun-08,Saskatchewan,4,2
Jun-09,Saskatchewan,2,0
Jun-10,Saskatchewan,2,0
Jun-11,Saskatchewan,2,0
Jun-12,Saskatchewan,3,0
Jun-13,Saskatchewan,1,0
Jun-14,Saskatchewan,1,0
Jun-15,Saskatchewan,18,0
Jun-16,Saskatchewan,1,0
Jun-17,Saskatchewan,9,0
Jun-18,Saskatchewan,15,0
Jun-19,Saskatchewan,8,0
Jun-20,Saskatchewan,10,0
Jun-21,Saskatchewan,20,0
Jun-22,Saskatchewan,5,0
Jun-23,Saskatchewan,2,0
Jun-24,Saskatchewan,4,0
Jun-25,Saskatchewan,2,0
Jun-26,Saskatchewan,13,0
Jun-27,Saskatchewan,5,0
Jun-28,Saskatchewan,1,0
Jun-29,Saskatchewan,1,0
Jun-30,Saskatchewan,6,0
Jul-01,Saskatchewan,0,0
Jul-02,Saskatchewan,10,1
Jul-03,Saskatchewan,1,0
Jul-04,Saskatchewan,0,0
Jul-05,Saskatchewan,0,0
Jul-06,Saskatchewan,9,0
Jul-07,Saskatchewan,1,1
Jul-08,Saskatchewan,2,0
Jul-09,Saskatchewan,5,0
Jul-10,Saskatchewan,2,0
Jul-11,Saskatchewan,0,0
Jul-12,Saskatchewan,0,0
Jul-13,Saskatchewan,56,0
Jul-14,Saskatchewan,5,0
Jul-15,Saskatchewan,5,0
Jul-16,Saskatchewan,42,0
Jul-17,Saskatchewan,13,0
Jul-18,Saskatchewan,5,0
Jul-19,Saskatchewan,2,0
Jul-20,Saskatchewan,19,0
Jul-21,Saskatchewan,8,0
Jul-22,Saskatchewan,60,0
Jul-23,Saskatchewan,42,1
Jul-24,Saskatchewan,27,0
Jul-25,Saskatchewan,37,0
Jul-26,Saskatchewan,42,0
Jul-27,Saskatchewan,31,0
Jul-28,Saskatchewan,9,1
Jul-29,Saskatchewan,50,0
Jul-30,Saskatchewan,38,1
Jul-31,Saskatchewan,13,0
Aug-01,Saskatchewan,15,0
Aug-02,Saskatchewan,8,0
Aug-03,Saskatchewan,17,0
Aug-04,Saskatchewan,9,0
Aug-05,Saskatchewan,8,0
Aug-06,Saskatchewan,11,1
Aug-07,Saskatchewan,22,1
Aug-08,Saskatchewan,24,0
Aug-09,Saskatchewan,12,0
Aug-10,Saskatchewan,5,0
Aug-11,Saskatchewan,29,0
Aug-12,Saskatchewan,5,0
Aug-13,Saskatchewan,27,0
Aug-14,Saskatchewan,30,0
Aug-15,Saskatchewan,25,1
Aug-16,Saskatchewan,14,1
Aug-17,Saskatchewan,1,0
Aug-18,Saskatchewan,1,0
Aug-19,Saskatchewan,4,0
Aug-20,Saskatchewan,4,0
Aug-21,Saskatchewan,5,0
Aug-22,Saskatchewan,2,0
Aug-23,Saskatchewan,3,0
Aug-24,Saskatchewan,2,0
Aug-25,Saskatchewan,0,1
Aug-26,Saskatchewan,3,1
Aug-27,Saskatchewan,5,0
Aug-28,Saskatchewan,2,0
Aug-29,Saskatchewan,4,0
Aug-30,Saskatchewan,0,0
Aug-31,Saskatchewan,4,0
Sep-01,Saskatchewan,3,0
Sep-02,Saskatchewan,2,0
Sep-03,Saskatchewan,10,0
Sep-04,Saskatchewan,4,0
Sep-05,Saskatchewan,5,0
Sep-06,Saskatchewan,8,0
Sep-07,Saskatchewan,11,0
Sep-08,Saskatchewan,7,0
Sep-09,Saskatchewan,1,0
Sep-10,Saskatchewan,6,0
Sep-11,Saskatchewan,12,0
Sep-12,Saskatchewan,21,0
Sep-13,Saskatchewan,17,0
Sep-14,Saskatchewan,5,0
Sep-15,Saskatchewan,10,0
Sep-16,Saskatchewan,10,0
Sep-17,Saskatchewan,6,0
Sep-18,Saskatchewan,19,0
Sep-19,Saskatchewan,11,0
Sep-20,Saskatchewan,20,0
Sep-21,Saskatchewan,7,0
Sep-22,Saskatchewan,10,0
Sep-23,Saskatchewan,6,0
Sep-24,Saskatchewan,5,0
Sep-25,Saskatchewan,11,0
Sep-26,Saskatchewan,17,0
Sep-27,Saskatchewan,15,0
Sep-28,Saskatchewan,14,0
Sep-29,Saskatchewan,7,0
Sep-30,Saskatchewan,14,0
Oct-01,Saskatchewan,14,0
Oct-02,Saskatchewan,13,0
Oct-03,Saskatchewan,14,0
Oct-04,Saskatchewan,5,0
Oct-05,Saskatchewan,9,0
Oct-06,Saskatchewan,16,0
Oct-07,Saskatchewan,10,0
Oct-08,Saskatchewan,18,0
Oct-09,Saskatchewan,22,0
Oct-10,Saskatchewan,34,0
Oct-11,Saskatchewan,24,1
Oct-12,Saskatchewan,48,0
Oct-13,Saskatchewan,34,0
Oct-14,Saskatchewan,25,0
Oct-15,Saskatchewan,33,0
Oct-16,Saskatchewan,38,0
Oct-17,Saskatchewan,0,0
Oct-18,Saskatchewan,60,0
Oct-19,Saskatchewan,66,0
Oct-20,Saskatchewan,43,0
Oct-21,Saskatchewan,57,0
Oct-22,Saskatchewan,62,0
Oct-23,Saskatchewan,33,0
Oct-24,Saskatchewan,78,0
Oct-25,Saskatchewan,60,0
Oct-26,Saskatchewan,54,0
Oct-27,Saskatchewan,58,0
Oct-28,Saskatchewan,67,0
Oct-29,Saskatchewan,82,0
Oct-30,Saskatchewan,76,0
Oct-31,Saskatchewan,78,0
Nov-01,Saskatchewan,74,0
Nov-02,Saskatchewan,74,0
Nov-03,Saskatchewan,81,0
Jan-23,Repartriated Canadians,0,0
Jan-24,Repartriated Canadians,0,0
Jan-25,Repartriated Canadians,0,0
Jan-26,Repartriated Canadians,0,0
Jan-27,Repartriated Canadians,0,0
Jan-28,Repartriated Canadians,0,0
Jan-29,Repartriated Canadians,0,0
Jan-30,Repartriated Canadians,0,0
Jan-31,Repartriated Canadians,0,0
Feb-01,Repartriated Canadians,0,0
Feb-02,Repartriated Canadians,0,0
Feb-03,Repartriated Canadians,0,0
Feb-04,Repartriated Canadians,0,0
Feb-05,Repartriated Canadians,0,0
Feb-06,Repartriated Canadians,0,0
Feb-07,Repartriated Canadians,0,0
Feb-08,Repartriated Canadians,0,0
Feb-09,Repartriated Canadians,0,0
Feb-10,Repartriated Canadians,0,0
Feb-11,Repartriated Canadians,0,0
Feb-12,Repartriated Canadians,0,0
Feb-13,Repartriated Canadians,0,0
Feb-14,Repartriated Canadians,0,0
Feb-15,Repartriated Canadians,0,0
Feb-16,Repartriated Canadians,0,0
Feb-17,Repartriated Canadians,0,0
Feb-18,Repartriated Canadians,0,0
Feb-19,Repartriated Canadians,0,0
Feb-20,Repartriated Canadians,0,0
Feb-21,Repartriated Canadians,0,0
Feb-22,Repartriated Canadians,0,0
Feb-23,Repartriated Canadians,0,0
Feb-24,Repartriated Canadians,0,0
Feb-25,Repartriated Canadians,0,0
Feb-26,Repartriated Canadians,0,0
Feb-27,Repartriated Canadians,0,0
Feb-28,Repartriated Canadians,0,0
Feb-29,Repartriated Canadians,0,0
Mar-01,Repartriated Canadians,0,0
Mar-02,Repartriated Canadians,0,0
Mar-03,Repartriated Canadians,0,0
Mar-04,Repartriated Canadians,0,0
Mar-05,Repartriated Canadians,0,0
Mar-06,Repartriated Canadians,0,0
Mar-07,Repartriated Canadians,0,0
Mar-08,Repartriated Canadians,0,0
Mar-09,Repartriated Canadians,0,0
Mar-10,Repartriated Canadians,0,0
Mar-11,Repartriated Canadians,0,0
Mar-12,Repartriated Canadians,0,0
Mar-13,Repartriated Canadians,2,0
Mar-14,Repartriated Canadians,0,0
Mar-15,Repartriated Canadians,0,0
Mar-16,Repartriated Canadians,0,0
Mar-17,Repartriated Canadians,6,0
Mar-18,Repartriated Canadians,1,0
Mar-19,Repartriated Canadians,0,0
Mar-20,Repartriated Canadians,1,0
Mar-21,Repartriated Canadians,0,0
Mar-22,Repartriated Canadians,3,1
Mar-23,Repartriated Canadians,0,0
Mar-24,Repartriated Canadians,0,0
Mar-25,Repartriated Canadians,0,0
Mar-26,Repartriated Canadians,0,0
Mar-27,Repartriated Canadians,0,0
Mar-28,Repartriated Canadians,0,0
Mar-29,Repartriated Canadians,0,0
Mar-30,Repartriated Canadians,0,0
Mar-31,Repartriated Canadians,0,0
Apr-01,Repartriated Canadians,0,0
Apr-02,Repartriated Canadians,0,0
Apr-03,Repartriated Canadians,0,0
Apr-04,Repartriated Canadians,0,0
Apr-05,Repartriated Canadians,0,0
Apr-06,Repartriated Canadians,0,0
Apr-07,Repartriated Canadians,0,0
Apr-08,Repartriated Canadians,0,0
Apr-09,Repartriated Canadians,0,0
Apr-10,Repartriated Canadians,0,0
Apr-11,Repartriated Canadians,0,0
Apr-12,Repartriated Canadians,0,0
Apr-13,Repartriated Canadians,0,0
Apr-14,Repartriated Canadians,0,0
Apr-15,Repartriated Canadians,0,0
Apr-16,Repartriated Canadians,0,0
Apr-17,Repartriated Canadians,0,0
Apr-18,Repartriated Canadians,0,0
Apr-19,Repartriated Canadians,0,0
Apr-20,Repartriated Canadians,0,0
Apr-21,Repartriated Canadians,0,0
Apr-22,Repartriated Canadians,0,0
Apr-23,Repartriated Canadians,0,0
Apr-24,Repartriated Canadians,0,0
Apr-25,Repartriated Canadians,0,0
Apr-26,Repartriated Canadians,0,0
Apr-27,Repartriated Canadians,0,0
Apr-28,Repartriated Canadians,0,0
Apr-29,Repartriated Canadians,0,0
Apr-30,Repartriated Canadians,0,0
May-01,Repartriated Canadians,1,0
May-02,Repartriated Canadians,0,0
May-03,Repartriated Canadians,0,0
May-04,Repartriated Canadians,0,0
May-05,Repartriated Canadians,0,0
May-06,Repartriated Canadians,0,0
May-07,Repartriated Canadians,0,0
May-08,Repartriated Canadians,0,0
May-09,Repartriated Canadians,0,0
May-10,Repartriated Canadians,0,0
May-11,Repartriated Canadians,0,0
May-12,Repartriated Canadians,0,0
May-13,Repartriated Canadians,0,0
May-14,Repartriated Canadians,0,0
May-15,Repartriated Canadians,0,0
May-16,Repartriated Canadians,0,0
May-17,Repartriated Canadians,0,0
May-18,Repartriated Canadians,0,0
May-19,Repartriated Canadians,0,0
May-20,Repartriated Canadians,0,0
May-21,Repartriated Canadians,0,0
May-22,Repartriated Canadians,0,0
May-23,Repartriated Canadians,0,0
May-24,Repartriated Canadians,0,0
May-25,Repartriated Canadians,0,0
May-26,Repartriated Canadians,0,0
May-27,Repartriated Canadians,0,0
May-28,Repartriated Canadians,0,0
May-29,Repartriated Canadians,0,0
May-30,Repartriated Canadians,0,0
May-31,Repartriated Canadians,0,0
Jun-01,Repartriated Canadians,0,0
Jun-02,Repartriated Canadians,0,0
Jun-03,Repartriated Canadians,0,0
Jun-04,Repartriated Canadians,0,0
Jun-05,Repartriated Canadians,0,0
Jun-06,Repartriated Canadians,0,0
Jun-07,Repartriated Canadians,0,0
Jun-08,Repartriated Canadians,0,0
Jun-09,Repartriated Canadians,0,0
Jun-10,Repartriated Canadians,0,0
Jun-11,Repartriated Canadians,0,0
Jun-12,Repartriated Canadians,0,0
Jun-13,Repartriated Canadians,0,0
Jun-14,Repartriated Canadians,0,0
Jun-15,Repartriated Canadians,0,0
Jun-16,Repartriated Canadians,0,0
Jun-17,Repartriated Canadians,0,0
Jun-18,Repartriated Canadians,0,0
Jun-19,Repartriated Canadians,0,0
Jun-20,Repartriated Canadians,0,0
Jun-21,Repartriated Canadians,0,0
Jun-22,Repartriated Canadians,0,0
Jun-23,Repartriated Canadians,0,0
Jun-24,Repartriated Canadians,0,0
Jun-25,Repartriated Canadians,0,0
Jun-26,Repartriated Canadians,0,0
Jun-27,Repartriated Canadians,0,0
Jun-28,Repartriated Canadians,0,0
Jun-29,Repartriated Canadians,0,0
Jun-30,Repartriated Canadians,0,0
Jul-01,Repartriated Canadians,0,0
Jul-02,Repartriated Canadians,0,0
Jul-03,Repartriated Canadians,0,0
Jul-04,Repartriated Canadians,0,0
Jul-05,Repartriated Canadians,0,0
Jul-06,Repartriated Canadians,0,0
Jul-07,Repartriated Canadians,0,0
Jul-08,Repartriated Canadians,0,0
Jul-09,Repartriated Canadians,0,0
Jul-10,Repartriated Canadians,0,0
Jul-11,Repartriated Canadians,0,0
Jul-12,Repartriated Canadians,0,0
Jul-13,Repartriated Canadians,0,0
Jul-14,Repartriated Canadians,0,0
Jul-15,Repartriated Canadians,0,0
Jul-16,Repartriated Canadians,0,0
Jul-17,Repartriated Canadians,0,0
Jul-18,Repartriated Canadians,0,0
Jul-19,Repartriated Canadians,0,0
Jul-20,Repartriated Canadians,0,0
Jul-21,Repartriated Canadians,0,0
Jul-22,Repartriated Canadians,0,0
Jul-23,Repartriated Canadians,0,0
Jul-24,Repartriated Canadians,0,0
Jul-25,Repartriated Canadians,0,0
Jul-26,Repartriated Canadians,0,0
Jul-27,Repartriated Canadians,0,0
Jul-28,Repartriated Canadians,0,0
Jul-29,Repartriated Canadians,0,0
Jul-30,Repartriated Canadians,0,0
Jul-31,Repartriated Canadians,0,0
Aug-01,Repartriated Canadians,0,0
Aug-02,Repartriated Canadians,0,0
Aug-03,Repartriated Canadians,0,0
Aug-04,Repartriated Canadians,0,0
Aug-05,Repartriated Canadians,0,0
Aug-06,Repartriated Canadians,0,0
Aug-07,Repartriated Canadians,0,0
Aug-08,Repartriated Canadians,0,0
Aug-09,Repartriated Canadians,0,0
Aug-10,Repartriated Canadians,0,0
Aug-11,Repartriated Canadians,0,0
Aug-12,Repartriated Canadians,0,0
Aug-13,Repartriated Canadians,0,0
Aug-14,Repartriated Canadians,0,0
Aug-15,Repartriated Canadians,0,0
Aug-16,Repartriated Canadians,0,0
Aug-17,Repartriated Canadians,0,0
Aug-18,Repartriated Canadians,0,0
Aug-19,Repartriated Canadians,0,0
Aug-20,Repartriated Canadians,0,0
Aug-21,Repartriated Canadians,0,0
Aug-22,Repartriated Canadians,0,0
Aug-23,Repartriated Canadians,0,0
Aug-24,Repartriated Canadians,0,0
Aug-25,Repartriated Canadians,0,0
Aug-26,Repartriated Canadians,0,0
Aug-27,Repartriated Canadians,0,0
Aug-28,Repartriated Canadians,0,0
Aug-29,Repartriated Canadians,0,0
Aug-30,Repartriated Canadians,0,0
Aug-31,Repartriated Canadians,0,0
Sep-01,Repartriated Canadians,0,0
Sep-02,Repartriated Canadians,0,0
Sep-03,Repartriated Canadians,0,0
Sep-04,Repartriated Canadians,0,0
Sep-05,Repartriated Canadians,0,0
Sep-06,Repartriated Canadians,0,0
Sep-07,Repartriated Canadians,0,0
Sep-08,Repartriated Canadians,0,0
Sep-09,Repartriated Canadians,0,0
Sep-10,Repartriated Canadians,0,0
Sep-11,Repartriated Canadians,0,0
Sep-12,Repartriated Canadians,0,0
Sep-13,Repartriated Canadians,0,0
Sep-14,Repartriated Canadians,0,0
Sep-15,Repartriated Canadians,0,0
Sep-16,Repartriated Canadians,0,0
Sep-17,Repartriated Canadians,0,0
Sep-18,Repartriated Canadians,0,0
Sep-19,Repartriated Canadians,0,0
Sep-20,Repartriated Canadians,0,0
Sep-21,Repartriated Canadians,0,0
Sep-22,Repartriated Canadians,0,0
Sep-23,Repartriated Canadians,0,0
Sep-24,Repartriated Canadians,0,0
Sep-25,Repartriated Canadians,0,0
Sep-26,Repartriated Canadians,0,0
Sep-27,Repartriated Canadians,0,0
Sep-28,Repartriated Canadians,0,0
Sep-29,Repartriated Canadians,0,0
Sep-30,Repartriated Canadians,0,0
Oct-01,Repartriated Canadians,0,0
Oct-02,Repartriated Canadians,0,0
Oct-03,Repartriated Canadians,0,0
Oct-04,Repartriated Canadians,0,0
Oct-05,Repartriated Canadians,0,0
Oct-06,Repartriated Canadians,0,0
Oct-07,Repartriated Canadians,0,0
Oct-08,Repartriated Canadians,0,0
Oct-09,Repartriated Canadians,0,0
Oct-10,Repartriated Canadians,0,0
Oct-11,Repartriated Canadians,0,0
Oct-12,Repartriated Canadians,0,0
Oct-13,Repartriated Canadians,0,0
Oct-14,Repartriated Canadians,0,0
Oct-15,Repartriated Canadians,0,0
Oct-16,Repartriated Canadians,0,0
Oct-17,Repartriated Canadians,0,0
Oct-18,Repartriated Canadians,0,0
Oct-19,Repartriated Canadians,0,0
Oct-20,Repartriated Canadians,0,0
Oct-21,Repartriated Canadians,0,0
Oct-22,Repartriated Canadians,0,0
Oct-23,Repartriated Canadians,0,0
Oct-24,Repartriated Canadians,0,0
Oct-25,Repartriated Canadians,0,0
Oct-26,Repartriated Canadians,0,0
Oct-27,Repartriated Canadians,0,0
Oct-28,Repartriated Canadians,0,0
Oct-29,Repartriated Canadians,0,0
Oct-30,Repartriated Canadians,0,0
Oct-31,Repartriated Canadians,0,0
Nov-01,Repartriated Canadians,0,0
Nov-02,Repartriated Canadians,0,0
Nov-03,Repartriated Canadians,0,0
Jan-23,Canada,0,0
Jan-24,Canada,0,0
Jan-25,Canada,0,0
Jan-26,Canada,1,0
Jan-27,Canada,0,0
Jan-28,Canada,1,0
Jan-29,Canada,0,0
Jan-30,Canada,0,0
Jan-31,Canada,2,0
Feb-01,Canada,0,0
Feb-02,Canada,0,0
Feb-03,Canada,0,0
Feb-04,Canada,0,0
Feb-05,Canada,1,0
Feb-06,Canada,0,0
Feb-07,Canada,2,0
Feb-08,Canada,0,0
Feb-09,Canada,0,0
Feb-10,Canada,0,0
Feb-11,Canada,0,0
Feb-12,Canada,0,0
Feb-13,Canada,0,0
Feb-14,Canada,0,0
Feb-15,Canada,0,0
Feb-16,Canada,0,0
Feb-17,Canada,1,0
Feb-18,Canada,0,0
Feb-19,Canada,0,0
Feb-20,Canada,0,0
Feb-21,Canada,1,0
Feb-22,Canada,0,0
Feb-23,Canada,0,0
Feb-24,Canada,1,0
Feb-25,Canada,1,0
Feb-26,Canada,0,0
Feb-27,Canada,2,0
Feb-28,Canada,1,0
Feb-29,Canada,6,0
Mar-01,Canada,4,0
Mar-02,Canada,3,0
Mar-03,Canada,3,0
Mar-04,Canada,3,0
Mar-05,Canada,4,0
Mar-06,Canada,12,0
Mar-07,Canada,5,0
Mar-08,Canada,10,0
Mar-09,Canada,13,1
Mar-10,Canada,2,0
Mar-11,Canada,29,0
Mar-12,Canada,9,0
Mar-13,Canada,76,0
Mar-14,Canada,5,0
Mar-15,Canada,54,0
Mar-16,Canada,163,3
Mar-17,Canada,63,1
Mar-18,Canada,179,3
Mar-19,Canada,143,1
Mar-20,Canada,143,3
Mar-21,Canada,334,7
Mar-22,Canada,192,2
Mar-23,Canada,619,4
Mar-24,Canada,702,1
Mar-25,Canada,461,4
Mar-26,Canada,791,8
Mar-27,Canada,640,16
Mar-28,Canada,894,7
Mar-29,Canada,704,3
Mar-30,Canada,1118,16
Mar-31,Canada,1129,21
Apr-01,Canada,1033,8
Apr-02,Canada,1724,30
Apr-03,Canada,1153,40
Apr-04,Canada,541,39
Apr-05,Canada,2778,41
Apr-06,Canada,807,80
Apr-07,Canada,1309,36
Apr-08,Canada,1269,32
Apr-09,Canada,1513,96
Apr-10,Canada,1405,54
Apr-11,Canada,1257,97
Apr-12,Canada,983,60
Apr-13,Canada,1381,67
Apr-14,Canada,1355,120
Apr-15,Canada,1174,107
Apr-16,Canada,2600,251
Apr-17,Canada,2005,97
Apr-18,Canada,1542,45
Apr-19,Canada,1277,164
Apr-20,Canada,2025,162
Apr-21,Canada,1744,183
Apr-22,Canada,2261,168
Apr-23,Canada,1636,163
Apr-24,Canada,1620,161
Apr-25,Canada,1452,169
Apr-26,Canada,1662,116
Apr-27,Canada,1583,154
Apr-28,Canada,1534,142
Apr-29,Canada,1715,172
Apr-30,Canada,1592,155
May-01,Canada,1886,227
May-02,Canada,1583,147
May-03,Canada,2578,111
May-04,Canada,1453,208
May-05,Canada,1258,187
May-06,Canada,1479,176
May-07,Canada,1507,175
May-08,Canada,1473,156
May-09,Canada,1244,126
May-10,Canada,1173,168
May-11,Canada,1173,124
May-12,Canada,1155,185
May-13,Canada,1149,125
May-14,Canada,1213,167
May-15,Canada,1178,87
May-16,Canada,1247,121
May-17,Canada,1126,103
May-18,Canada,1079,57
May-19,Canada,1082,68
May-20,Canada,1082,122
May-21,Canada,1167,117
May-22,Canada,1205,93
May-23,Canada,1204,106
May-24,Canada,955,68
May-25,Canada,1013,121
May-26,Canada,971,98
May-27,Canada,899,123
May-28,Canada,987,106
May-29,Canada,933,81
May-30,Canada,772,96
May-31,Canada,798,215
Jun-01,Canada,809,30
Jun-02,Canada,672,74
Jun-03,Canada,681,101
Jun-04,Canada,628,138
Jun-05,Canada,678,61
Jun-06,Canada,528,72
Jun-07,Canada,703,27
Jun-08,Canada,601,33
Jun-09,Canada,462,60
Jun-10,Canada,479,68
Jun-11,Canada,439,33
Jun-12,Canada,436,54
Jun-13,Canada,448,58
Jun-14,Canada,361,35
Jun-15,Canada,359,10
Jun-16,Canada,324,43
Jun-17,Canada,404,41
Jun-18,Canada,386,49
Jun-19,Canada,437,47
Jun-20,Canada,448,58
Jun-21,Canada,316,16
Jun-22,Canada,340,12
Jun-23,Canada,349,18
Jun-24,Canada,320,32
Jun-25,Canada,376,23
Jun-26,Canada,166,4
Jun-27,Canada,249,5
Jun-28,Canada,315,6
Jun-29,Canada,637,46
Jun-30,Canada,267,22
Jul-01,Canada,191,28
Jul-02,Canada,355,22
Jul-03,Canada,319,22
Jul-04,Canada,223,10
Jul-05,Canada,209,7
Jul-06,Canada,421,9
Jul-07,Canada,208,17
Jul-08,Canada,311,21
Jul-09,Canada,322,11
Jul-10,Canada,328,14
Jul-11,Canada,166,7
Jul-12,Canada,198,11
Jul-13,Canada,636,7
Jul-14,Canada,366,9
Jul-15,Canada,343,12
Jul-16,Canada,451,18
Jul-17,Canada,415,9
Jul-18,Canada,316,8
Jul-19,Canada,293,4
Jul-20,Canada,770,6
Jul-21,Canada,535,6
Jul-22,Canada,317,5
Jul-23,Canada,608,6
Jul-24,Canada,717,4
Jul-25,Canada,355,6
Jul-26,Canada,319,5
Jul-27,Canada,682,11
Jul-28,Canada,400,12
Jul-29,Canada,486,5
Jul-30,Canada,320,12
Jul-31,Canada,604,6
Aug-01,Canada,242,6
Aug-02,Canada,245,4
Aug-03,Canada,205,5
Aug-04,Canada,686,10
Aug-05,Canada,374,5
Aug-06,Canada,354,3
Aug-07,Canada,516,4
Aug-08,Canada,245,7
Aug-09,Canada,219,4
Aug-10,Canada,686,6
Aug-11,Canada,336,4
Aug-12,Canada,314,14
Aug-13,Canada,477,11
Aug-14,Canada,425,5
Aug-15,Canada,220,4
Aug-16,Canada,179,2
Aug-17,Canada,214,1
Aug-18,Canada,866,15
Aug-19,Canada,324,5
Aug-20,Canada,217,2
Aug-21,Canada,694,13
Aug-22,Canada,241,7
Aug-23,Canada,257,2
Aug-24,Canada,777,10
Aug-25,Canada,309,7
Aug-26,Canada,477,5
Aug-27,Canada,456,7
Aug-28,Canada,506,7
Aug-29,Canada,297,6
Aug-30,Canada,249,3
Aug-31,Canada,1030,9
Sep-01,Canada,504,6
Sep-02,Canada,519,3
Sep-03,Canada,586,7
Sep-04,Canada,614,1
Sep-05,Canada,370,2
Sep-06,Canada,379,2
Sep-07,Canada,405,2
Sep-08,Canada,1462,7
Sep-09,Canada,378,1
Sep-10,Canada,821,9
Sep-11,Canada,720,1
Sep-12,Canada,488,6
Sep-13,Canada,476,0
Sep-14,Canada,1458,9
Sep-15,Canada,802,10
Sep-16,Canada,952,5
Sep-17,Canada,1027,5
Sep-18,Canada,1174,7
Sep-19,Canada,554,6
Sep-20,Canada,1143,5
Sep-21,Canada,1833,12
Sep-22,Canada,1272,7
Sep-23,Canada,1084,8
Sep-24,Canada,1148,3
Sep-25,Canada,1630,9
Sep-26,Canada,1053,7
Sep-27,Canada,1658,5
Sep-28,Canada,1791,10
Sep-29,Canada,1772,12
Sep-30,Canada,2116,6
Oct-01,Canada,1823,22
Oct-02,Canada,2124,98
Oct-03,Canada,1306,22
Oct-04,Canada,2141,45
Oct-05,Canada,2883,27
Oct-06,Canada,2372,22
Oct-07,Canada,1624,11
Oct-08,Canada,2350,16
Oct-09,Canada,2895,29
Oct-10,Canada,2142,23
Oct-11,Canada,1636,5
Oct-12,Canada,975,14
Oct-13,Canada,4111,27
Oct-14,Canada,2575,12
Oct-15,Canada,2298,37
Oct-16,Canada,2566,25
Oct-17,Canada,139,1
Oct-18,Canada,3737,34
Oct-19,Canada,3307,16
Oct-20,Canada,2238,17
Oct-21,Canada,2687,34
Oct-22,Canada,2581,33
Oct-23,Canada,2902,24
Oct-24,Canada,1532,29
Oct-25,Canada,2823,26
Oct-26,Canada,4099,31
Oct-27,Canada,2730,26
Oct-28,Canada,2663,32
Oct-29,Canada,3017,43
Oct-30,Canada,3556,36
Oct-31,Canada,2374,24
Nov-01,Canada,2336,43
Nov-02,Canada,3529,32
Nov-03,Canada,4738,72
